step,x,y,z
0,1.3816584,0.0,0.0
1,1.3815808945559744,0.015302790899129441,0.0
2,1.381348389352542,0.030603865586577697,0.0
3,1.3809609177796711,0.045901507600004006,0.0
4,1.3804185354780163,0.061194001186018025,0.0
5,1.3797213203212004,0.0764796316542031,0.0
6,1.378869372391025,0.09175668573062108,0.0
7,1.377862813945632,0.10702345191062658,0.0
8,1.376701789380633,0.12227822081081934,0.0
9,1.3753864651832406,0.13751928551996412,0.0
10,1.3739170298794257,0.15274494194870883,0.0
11,1.3722936939741464,0.16795348917793196,0.0
12,1.3705166898846834,0.18314322980555287,0.0
13,1.368586271867134,0.19831247029163893,0.0
14,1.3665027159361107,0.21345952130164558,0.0
15,1.3642663197777065,0.22858269804762726,0.0
16,1.3618774026557816,0.24368032062725864,0.0
17,1.3593363053116414,0.25875071436050817,0.0
18,1.3566433898571717,0.27379221012380794,0.0
19,1.3537990396615063,0.28880314468156615,0.0
20,1.3508036592313066,0.3037818610148707,0.0
21,1.347657674084732,0.3187267086472361,0.0
22,1.3443615306191896,0.3336360439672475,0.0
23,1.3409156959729542,0.3485082305479582,0.0
24,1.3373206578807495,0.3633416394629026,0.0
25,1.3335769245233902,0.3781346495985858,0.0
26,1.329685024371587,0.3928856479633173,0.0
27,1.3256455060240182,0.40759302999225877,0.0
28,1.3214589380397745,0.4222551998485579,0.0
29,1.3171259087652916,0.4368705707204469,0.0
30,1.3126470261558831,0.45143756511418354,0.0
31,1.3080229175919904,0.46595461514272146,0.0
32,1.3032542296902723,0.4804201628099951,0.0
33,1.298341628109655,0.4948326602907126,0.0
34,1.2932857973524692,0.5091905702055513,0.0
35,1.2880874405608014,0.5234923658916562,0.0
36,1.28274727930819,0.5377365316683437,0.0
37,1.2772660533868,0.5519215630979206,0.0
38,1.2716445205902074,0.5660459672415276,0.0
39,1.265883456491932,0.5801082629099245,0.0
40,1.2599836542198564,0.5941069809091389,0.0
41,1.2539459242266693,0.6080406642809006,0.0
42,1.2477710940564752,0.6219078685377907,0.0
43,1.2414600081077103,0.6357071618930408,0.0
44,1.2350135273925122,0.6494371254849173,0.0
45,1.2284325292926825,0.663096353595634,0.0
46,1.221717907312391,0.676683453864738,0.0
47,1.2148705708277645,0.6901970474969206,0.0
48,1.2078914448335094,0.7036357694642063,0.0
49,1.2007814696867116,0.7169982687024814,0.0
50,1.193541600847962,0.7302832083023224,0.0
51,1.1861728086199548,0.7434892656940946,0.0
52,1.1786760778837049,0.7566151328272906,0.0
53,1.1710524078325317,0.7696595163440872,0.0
54,1.1633028117039557,0.7826211377470972,0.0
55,1.1554283165096524,0.7954987335613047,0.0
56,1.147429962763613,0.8082910554901696,0.0
57,1.1393088042086514,0.8209968705658938,0.0
58,1.131065907541406,0.8336149612938474,0.0
59,1.122702352135978,0.8461441257911532,0.0
60,1.114219229766347,0.8585831779194353,0.0
61,1.1056176443277068,0.8709309474117387,0.0
62,1.0968987115568611,0.8831862799936328,0.0
63,1.0880635587518155,0.8953480374985129,0.0
64,1.0791133244907052,0.9074150979771205,0.0
65,1.0700491583501925,0.9193863558013035,0.0
66,1.0608722206234678,0.9312607217620424,0.0
67,1.051583682037987,0.9430371231617739,0.0
68,1.0421847234730754,0.9547145039010405,0.0
69,1.0326765356775252,0.966291824559507,0.0
70,1.0230603189873135,0.9777680624713785,0.0
71,1.0133372830435674,0.9891422117952638,0.0
72,1.0035086465108938,1.0004132835785302,0.0
73,0.9935756367961988,1.0115803058161938,0.0
74,0.9835394897681098,1.0226423235044007,0.0
75,0.9734014494771194,1.0335983986885466,0.0
76,0.9631627678765617,1.044447610506096,0.0
77,0.952824704544533,1.0551890552241543,0.0
78,0.9423885264068637,1.0658218462718565,0.0
79,0.9318555074612481,1.0763451142676337,0.0
80,0.9212269285026345,1.086758007041422,0.0
81,0.910504076849976,1.0970596896518823,0.0
82,0.8996882460744395,1.1072493443986968,0.0
83,0.8887807357291692,1.1173261708300173,0.0
84,0.8777828510806945,1.1272893857451327,0.0
85,0.8666959028420761,1.1371382231924347,0.0
86,0.8555212069078716,1.1468719344627532,0.0
87,0.8442600840910102,1.1564897880781417,0.0
88,0.8329138598616549,1.1659910697761893,0.0
89,0.8214838640881311,1.17537508248994,0.0
90,0.8099714307799991,1.1846411463235003,0.0
91,0.798377897833341,1.1937885985234162,0.0
92,0.7867046067783354,1.2028167934459042,0.0
93,0.7749529025291847,1.211725102520019,0.0
94,0.7631241331364613,1.2205129142068445,0.0
95,0.7512196495419352,1.2291796339547894,0.0
96,0.7392408053359399,1.2377246841510798,0.0
97,0.7271889565173368,1.2461475040695313,0.0
98,0.715065461256128,1.2544475498146872,0.0
99,0.7028716796587722,1.262624294262414,0.0
100,0.6906089735362495,1.2706772269970397,0.0
101,0.6782787061749227,1.2786058542451226,0.0
102,0.6658822421102373,1.2864096988059406,0.0
103,0.6534209469033011,1.2940882999787882,0.0
104,0.640896186920382,1.301641213487171,0.0
105,0.6283093291153588,1.3090680113999842,0.0
106,0.6156617408151577,1.316368282049763,0.0
107,0.6029547895082071,1.323541629948098,0.0
108,0.5901898426359363,1.3305876756982948,0.0
109,0.5773682673873446,1.3375060559053735,0.0
110,0.5644914304966661,1.3442964230834902,0.0
111,0.5515606980441483,1.3509584455608692,0.0
112,0.5385774352599663,1.3574918073823306,0.0
113,0.5255430063312858,1.3638962082095005,0.0
114,0.5124587742124934,1.3701713632187884,0.0
115,0.49932610043860254,1.376317002997215,0.0
116,0.4861463449418486,1.3823328734361746,0.0
117,0.47292086587147897,1.3882187356232178,0.0
118,0.4596510194167457,1.3939743657319301,0.0
119,0.4463381596331041,1.399599554909995,0.0
120,0.43298363827162034,1.405094109165518,0.0
121,0.419588804611588,1.41045784925169,0.0
122,0.4061550052963525,1.4156906105498732,0.0
123,0.3926835841723404,1.420792242951183,0.0
124,0.3791758821312885,1.4257626107366426,0.0
125,0.36563323695566696,1.4306015924559903,0.0
126,0.35205698316728773,1.4353090808052076,0.0
127,0.33844845187908895,1.4398849825028472,0.0
128,0.3248089706500847,1.4443292181652303,0.0
129,0.31113986334346677,1.4486417221805836,0.0
130,0.2974424499878454,1.4528224425821892,0.0
131,0.2837180466416128,1.456871340920613,0.0
132,0.2699679652604135,1.4607883921350824,0.0
133,0.25619351356770353,1.464573584424076,0.0
134,0.24239599492837943,1.468226919115194,0.0
135,0.22857670822545653,1.471748410534372,0.0
136,0.2147369477397754,1.475138085874501,0.0
137,0.20087800303271416,1.4783959850635133,0.0
138,0.18700115883188315,1.481522160632,0.0
139,0.1731076949197772,1.4845166775804115,0.0
140,0.1591988860253608,1.4873796132459065,0.0
141,0.14527600171855923,1.490111057168899,0.0
142,0.13134030630762908,1.492711110959364,0.0
143,0.11739305873938015,1.4951798881629532,0.0
144,0.1034355125022199,1.4975175141269728,0.0
145,0.08946891553199122,1.499724125866277,0.0
146,0.0754945101205736,1.5017998719291266,0.0
147,0.06151353282721665,1.503744912263058,0.0
148,0.04752721439257521,1.5055594180808172,0.0
149,0.03353677965541368,1.507243571726399,0.0
150,0.019543447471947584,1.508797566541239,0.0
151,0.005548430637789346,1.5102216067306018,0.0
152,-0.008447064187534997,1.5115159072302091,0.0
153,-0.022441836553531824,1.5126806935731472,0.0
154,-0.036434692289182835,1.5137162017570949,0.0
155,-0.050424443570919256,1.5146226781119123,0.0
156,-0.06440990898816207,1.5154003791676247,0.0
157,-0.0783899136064634,1.5160495715228413,0.0
158,-0.09236328902828421,1.5165705317136438,0.0
159,-0.10632887345144398,1.5169635460829778,0.0
160,-0.12028551172527792,1.5172289106505799,0.0
161,-0.13423205540453761,1.5173669309834747,0.0
162,-0.1481673628010713,1.5173779220670702,0.0
163,-0.16209029903331945,1.5172622081768825,0.0
164,-0.17599973607366254,1.5170201227509184,0.0
165,-0.18989455279365638,1.516652008262743,0.0
166,-0.2037736350071922,1.5161582160952594,0.0
167,-0.21763587551161706,1.5155391064152253,0.0
168,-0.2314801741268514,1.5147950480485317,0.0
169,-0.24530543773253968,1.5139264183562662,0.0
170,-0.25911058030327033,1.5129336031115848,0.0
171,-0.27289452294190136,1.5118169963774117,0.0
172,-0.2866561939110274,1.51057700038499,0.0
173,-0.30039452866262456,1.5092140254132997,0.0
174,-0.31410846986590796,1.5077284896693652,0.0
175,-0.3277969674334387,1.5061208191694677,0.0
176,-0.34145897854551516,1.5043914476212803,0.0
177,-0.35509346767288386,1.5025408163069407,0.0
178,-0.36869940659780526,1.5005693739670778,0.0
179,-0.38227577443350935,1.4984775766858067,0.0
180,-0.3958215576420757,1.4962658877767039,0.0
181,-0.40933575005077216,1.4939347776697776,0.0
182,-0.42281735286688693,1.4914847237994424,0.0
183,-0.43626537469108745,1.4889162104935127,0.0
184,-0.4496788315293402,1.4862297288632227,0.0
185,-0.4630567468034243,1.4834257766942816,0.0
186,-0.4763981513600728,1.4805048583389782,0.0
187,-0.48970208347877336,1.4774674846093372,0.0
188,-0.5029675888782618,1.474314172671338,0.0
189,-0.5161937207217404,1.471045445940202,0.0
190,-0.5293795396208529,1.467661833976755,0.0
191,-0.5425241136384467,1.4641638723848704,0.0
192,-0.5556265182901551,1.4605521027099977,0.0
193,-0.56868583654483,1.45682707233878,0.0
194,-0.5817011588238539,1.452989334399768,0.0
195,-0.5946715829993641,1.4490394476652289,0.0
196,-0.6075962143914165,1.4449779764540553,0.0
197,-0.6204741657641195,1.4408054905357783,0.0
198,-0.6333045573207672,1.4365225650356823,0.0
199,-0.6460865166979999,1.4321297803410253,0.0
200,-0.658819178959021,1.4276277220083657,0.0
201,-0.6715016865858976,1.4230169806719954,0.0
202,-0.6841331894709723,1.4182981519534772,0.0
203,-0.6967128449074147,1.413471836372289,0.0
204,-0.7092398175789365,1.4085386392575707,0.0
205,-0.7217132795487003,1.4034991706609763,0.0
206,-0.7341324102474454,1.3983540452706236,0.0
207,-0.7464963964608569,1.3931038823261441,0.0
208,-0.7588044323162042,1.3877493055348293,0.0
209,-0.7710557192682724,1.3822909429888697,0.0
210,-0.7832494660846124,1.3767294270836812,0.0
211,-0.7953848888301328,1.3710653944373212,0.0
212,-0.8074612108510579,1.365299485810984,0.0
213,-0.8194776627582748,1.3594323460305742,0.0
214,-0.8314334824100926,1.3534646239093544,0.0
215,-0.8433279148944364,1.3473969721716592,0.0
216,-0.8551602125104982,1.341230047377674,0.0
217,-0.8669296347498667,1.3349645098492704,0.0
218,-0.8786354482771567,1.328601023596894,0.0
219,-0.89027692691016,1.3221402562474978,0.0
220,-0.9018533515995385,1.3155828789735156,0.0
221,-0.9133640104080784,1.30892956642287,0.0
222,-0.9248081984895279,1.3021809966500046,0.0
223,-0.9361852180670354,1.2953378510479407,0.0
224,-0.9474943784112094,1.2884008142813423,0.0
225,-0.9587349958178176,1.2813705742205912,0.0
226,-0.9699063935851447,1.274247821876858,0.0
227,-0.9810079019910264,1.2670332513381668,0.0
228,-0.9920388582695775,1.259727559706441,0.0
229,-1.0029986065876322,1.252331447035526,0.0
230,-1.0138864980209126,1.2448456162701809,0.0
231,-1.0247018905299432,1.237270773186027,0.0
232,-1.0354441489357278,1.2296076263304518,0.0
233,-1.0461126448952027,1.221856886964451,0.0
234,-1.0567067568764872,1.2140192690054106,0.0
235,-1.0672258701339394,1.2060954889708113,0.0
236,-1.077669376683041,1.1980862659228535,0.0
237,-1.088036675275117,1.1899923214139871,0.0
238,-1.098327171371913,1.1818143794333458,0.0
239,-1.1085402771200386,1.1735531663540693,0.0
240,-1.118675411325294,1.165209410881509,0.0
241,-1.1287319994268905,1.1567838440023064,0.0
242,-1.1387094734715828,1.1482771989343348,0.0
243,-1.1486072720877207,1.1396902110774974,0.0
244,-1.158424840459237,1.1310236179653692,0.0
245,-1.1681616302995814,1.122278159217676,0.0
246,-1.1778170998256159,1.1134545764936006,0.0
247,-1.1873907137314799,1.1045536134459057,0.0
248,-1.1968819431624382,1.0955760156758663,0.0
249,-1.2062902656887244,1.0865225306889994,0.0
250,-1.2156151652793887,1.0773939078515848,0.0
251,-1.2248561322761633,1.0681908983479644,0.0
252,-1.2340126633673532,1.0589142551386121,0.0
253,-1.2430842615617659,1.0495647329189657,0.0
254,-1.2520704361626873,1.0401430880790088,0.0
255,-1.2609707027419155,1.0306500786635964,0.0
256,-1.2697845831138612,1.021086464333511,0.0
257,-1.2785116053097252,1.0114530063272424,0.0
258,-1.287151303551761,1.0017504674234827,0.0
259,-1.2957032182276313,0.9919796119043214,0.0
260,-1.304166895864869,0.9821412055191381,0.0
261,-1.3125418891054486,0.9722360154491793,0.0
262,-1.3208277566804794,0.96226481027281,0.0
263,-1.329024063385025,0.9522283599314323,0.0
264,-1.337130380053061,0.9421274356960596,0.0
265,-1.3451462835325738,0.9319628101345387,0.0
266,-1.3530713566608146,0.9217352570794093,0.0
267,-1.3609051882397067,0.9114455515963918,0.0
268,-1.368647373011425,0.9010944699534948,0.0
269,-1.3762975116341425,0.8906827895907315,0.0
270,-1.3838552106579596,0.8802112890904372,0.0
271,-1.3913200825010184,0.8696807481481775,0.0
272,-1.3986917454258099,0.8590919475442391,0.0
273,-1.405969823515679,0.8484456691156927,0.0
274,-1.4131539466515357,0.8377426957290202,0.0
275,-1.4202437504887764,0.8269838112532953,0.0
276,-1.4272388764344204,0.8161698005339117,0.0
277,-1.4341389716244712,0.8053014493668451,0.0
278,-1.4409436889015026,0.7943795444734445,0.0
279,-1.4476526867924793,0.7834048734757407,0.0
280,-1.4542656294868148,0.772378224872266,0.0
281,-1.4607821868146726,0.761300388014372,0.0
282,-1.4672020342255148,0.7501721530830417,0.0
283,-1.4735248527669031,0.7389943110661829,0.0
284,-1.479750329063558,0.7277676537363966,0.0
285,-1.4858781552966787,0.7164929736292113,0.0
286,-1.4919080291835283,0.7051710640217727,0.0
287,-1.497839653957291,0.6938027189119834,0.0
288,-1.5036727383472022,0.6823887329980812,0.0
289,-1.5094069965589565,0.6709299016586489,0.0
290,-1.5150421482553988,0.6594270209330463,0.0
291,-1.5205779185375006,0.6478808875022574,0.0
292,-1.5260140379256244,0.6362922986701421,0.0
293,-1.5313502423410843,0.6246620523450869,0.0
294,-1.5365862730879989,0.6129909470220428,0.0
295,-1.5417218768354466,0.6012797817649458,0.0
296,-1.5467568055999223,0.5895293561895094,0.0
297,-1.551690816728101,0.5777404704463815,0.0
298,-1.5565236728799086,0.5659139252046577,0.0
299,-1.5612551420119054,0.5540505216357425,0.0
300,-1.5658849973609854,0.5421510613975518,0.0
301,-1.57041301742839,0.5302163466190462,0.0
302,-1.574838985964044,0.5182471798850897,0.0
303,-1.579162691951213,0.5062443642216242,0.0
304,-1.583383929591486,0.49420870308115206,0.0
305,-1.587502498290085,0.4821410003285201,0.0
306,-1.5915182026415036,0.47004206022699585,0.0
307,-1.595430852415479,0.4579126874246289,0.0
308,-1.5992402625432958,0.4457536869408896,0.0
309,-1.6029462531044274,0.4335658641535778,0.0
310,-1.6065486493135137,0.42135002478599276,0.0
311,-1.610047281507681,0.4091069748943583,0.0
312,-1.6134419851342001,0.39683752085549423,0.0
313,-1.6167326007384912,0.38454246935472713,0.0
314,-1.6199189739524722,0.37222262737403333,0.0
315,-1.6230009554832532,0.3598788021804056,0.0
316,-1.6259784011021807,0.34751180131443704,0.0
317,-1.6288511716342313,0.33512243257911467,0.0
318,-1.6316191329477554,0.32271150402881454,0.0
319,-1.6342821559445753,0.3102798239584922,0.0
320,-1.636840116550436,0.2978282008930603,0.0
321,-1.639292895705812,0.2853574435769464,0.0
322,-1.6416403793570693,0.27286836096382394,0.0
323,-1.6438824584479872,0.2603617622065083,0.0
324,-1.6460190289116363,0.24783845664701215,0.0
325,-1.6480499916626177,0.2352992538067516,0.0
326,-1.649975252589662,0.2227449633768965,0.0
327,-1.6517947225485914,0.21017639520885814,0.0
328,-1.6535083173556422,0.19759435930490638,0.0
329,-1.6551159577811525,0.18499966580890995,0.0
330,-1.6566175695436127,0.17239312499719242,0.0
331,-1.6580130833040818,0.15977554726949686,0.0
332,-1.6593024346609684,0.14714774314005208,0.0
333,-1.6604855641451786,0.13451052322873372,0.0
334,-1.66156241721563,0.12186469825231291,0.0
335,-1.6625329442551338,0.1092110790157855,0.0
336,-1.6633971005666432,0.09655047640377507,0.0
337,-1.6641548463698723,0.0838837013720027,0.0
338,-1.664806146798281,0.07121156493881646,0.0
339,-1.6653509718964314,0.058534878176773726,0.0
340,-1.6657892966177115,0.045854452204269425,0.0
341,-1.6661211008224295,0.03317109817720326,0.0
342,-1.666346369276278,0.020485627280678962,0.0
343,-1.666465091649168,0.007798850720728704,0.0
344,-1.6664772625144317,-0.004888420283944264,0.0
345,-1.6663828813483987,-0.01757537451021165,0.0
346,-1.6661819525303387,-0.030261200738761748,0.0
347,-1.6658744853427774,-0.042945087762343556,0.0
348,-1.6654604939721807,-0.05562622439402025,0.0
349,-1.6649399975100108,-0.06830379947543902,0.0
350,-1.6643130199541503,-0.08097700188512406,0.0
351,-1.6635795902106982,-0.0936450205467997,0.0
352,-1.6627397420961345,-0.10630704443775055,0.0
353,-1.661793514339854,-0.11896226259722571,0.0
354,-1.6607409505870696,-0.13160986413489373,0.0
355,-1.659582099402085,-0.14424903823935553,0.0
356,-1.6583170142719337,-0.15687897418672203,0.0
357,-1.6569457536103893,-0.1694988613492635,0.0
358,-1.6554683807623405,-0.18210788920413779,0.0
359,-1.653884964008533,-0.19470524734220399,0.0
360,-1.6521955765706797,-0.2072901254769291,0.0
361,-1.6504002966169364,-0.2198617134533942,0.0
362,-1.6484992072677402,-0.23241920125740742,0.0
363,-1.6464923966020149,-0.24496177902473074,0.0
364,-1.644379957663739,-0.2574886370504275,0.0
365,-1.6421619884688765,-0.2699989657983381,0.0
366,-1.6398385920126701,-0.2824919559106906,0.0
367,-1.6374098762772948,-0.2949667982178533,0.0
368,-1.6348759542398716,-0.30742268374823717,0.0
369,-1.632236943880841,-0.3198588037383541,0.0
370,-1.629492968192694,-0.33227434964303953,0.0
371,-1.6266441551890594,-0.3446685131458452,0.0
372,-1.623690637914148,-0.35704048616961087,0.0
373,-1.6206325544525508,-0.3693894608872209,0.0
374,-1.6174700479393893,-0.38171462973255393,0.0
375,-1.6142032665708181,-0.3940151854116322,0.0
376,-1.6108323636148798,-0.40629032091397893,0.0
377,-1.6073574974227052,-0.4185392295241898,0.0
378,-1.603778831440064,-0.43076110483372737,0.0
379,-1.6000965342192592,-0.4429551407529447,0.0
380,-1.596310779431367,-0.4551205315233464,0.0
381,-1.5924217458788172,-0.4672564717300946,0.0
382,-1.5884296175083163,-0.47936215631476675,0.0
383,-1.5843345834241074,-0.49143678058837365,0.0
384,-1.5801368379015674,-0.503479540244645,0.0
385,-1.5758365804011394,-0.5154896313735902,0.0
386,-1.5714340155825963,-0.5274662504753416,0.0
387,-1.5669293533196367,-0.5394085944742889,0.0
388,-1.562322808714806,-0.5513158607335122,0.0
389,-1.5576146021147466,-0.5631872470695208,0.0
390,-1.5528049591257684,-0.5750219517673061,0.0
391,-1.5478941106297426,-0.586819173595717,0.0
392,-1.5428822928003119,-0.5985781118231652,0.0
393,-1.5377697471194167,-0.6102979662336686,0.0
394,-1.5325567203941353,-0.62197793714324,0.0
395,-1.5272434647738313,-0.633617225416631,0.0
396,-1.5218302377676118,-0.6452150324844376,0.0
397,-1.5163173022620855,-0.6567705603605762,0.0
398,-1.510704926539424,-0.6682830116601384,0.0
399,-1.5049933842957197,-0.6797515896176323,0.0
400,-1.4991829546596382,-0.6911754981056194,0.0
401,-1.4932739222113607,-0.7025539416537552,0.0
402,-1.4872665770018145,-0.713886125468241,0.0
403,-1.481161214572185,-0.7251712554516969,0.0
404,-1.4749581359737098,-0.7364085382234624,0.0
405,-1.468657647787746,-0.7475971811403361,0.0
406,-1.4622600621461104,-0.7587363923177597,0.0
407,-1.4557656967516874,-0.7698253806514574,0.0
408,-1.4491748748992985,-0.7808633558395386,0.0
409,-1.4424879254968326,-0.7918495284050712,0.0
410,-1.435705183086628,-0.8027831097191376,0.0
411,-1.428826987867107,-0.8136633120243786,0.0
412,-1.4218536857146509,-0.8244893484590357,0.0
413,-1.4147856282057198,-0.835260433081501,0.0
414,-1.4076231726392026,-0.8459757808953831,0.0
415,-1.4003666820589984,-0.8566346078750975,0.0
416,-1.393016525276822,-0.8672361309919914,0.0
417,-1.3855730768952272,-0.8777795682410114,0.0
418,-1.3780367173308428,-0.8882641386679235,0.0
419,-1.370407832837815,-0.898689062397094,0.0
420,-1.3626868155314524,-0.9090535606598406,0.0
421,-1.3548740634120633,-0.9193568558233635,0.0
422,-1.3469699803889823,-0.9295981714202654,0.0
423,-1.3389749763047794,-0.9397767321786684,0.0
424,-1.3308894669596418,-0.9498917640529398,0.0
425,-1.3227138741359272,-0.959942494255033,0.0
426,-1.3144486256228742,-0.969928151286455,0.0
427,-1.306094155241469,-0.9798479649708695,0.0
428,-1.2976509028694585,-0.9897011664873442,0.0
429,-1.2891193144665003,-0.9994869884042523,0.0
430,-1.280499842099445,-1.0092046647138377,0.0
431,-1.2717929439677402,-1.0188534308674533,0.0
432,-1.26299908442895,-1.0284325238114813,0.0
433,-1.25411873402438,-1.0379411820239457,0.0
434,-1.2451523695047984,-1.0473786455518268,0.0
435,-1.2361004738562476,-1.0567441560490858,0.0
436,-1.2269635363259346,-1.0660369568154102,0.0
437,-1.2177420524481892,-1.0752562928356895,0.0
438,-1.2084365240704857,-1.08440141082023,0.0
439,-1.1990474593795124,-1.0934715592457191,0.0
440,-1.1895753729272835,-1.1024659883969476,0.0
441,-1.1800207856572797,-1.1113839504093004,0.0
442,-1.1703842249306096,-1.1202246993120244,0.0
443,-1.1606662245521786,-1.1289874910722844,0.0
444,-1.1508673247968568,-1.137671583640014,0.0
445,-1.140988072435633,-1.1462762369935737,0.0
446,-1.1310290207617424,-1.1548007131862232,0.0
447,-1.1209907296167587,-1.1632442763934197,0.0
448,-1.1108737654166365,-1.1716061929609485,0.0
449,-1.1006787011776924,-1.1798857314538989,0.0
450,-1.0904061165425112,-1.1880821627064908,0.0
451,-1.0800565978057655,-1.196194759872765,0.0
452,-1.0696307379399348,-1.2042227984781415,0.0
453,-1.0591291366209108,-1.2121655564718616,0.0
454,-1.048552400253474,-1.2200223142803157,0.0
455,-1.0379011419966293,-1.2277923548612706,0.0
456,-1.0271759817887844,-1.235474963759003,0.0
457,-1.0163775463727582,-1.2430694291603501,0.0
458,-1.0055064693206008,-1.250575041951682,0.0
459,-0.9945633910582137,-1.2579910957768083,0.0
460,-0.9835489588897519,-1.265316887095827,0.0
461,-0.9724638270217925,-1.2725517152449204,0.0
462,-0.9613086565872534,-1.279694882497113,0.0
463,-0.9500841156690459,-1.2867456941239912,0.0
464,-0.9387908793234431,-1.2937034584584002,0.0
465,-0.9274296296031473,-1.3005674869581212,0.0
466,-0.9160010555800401,-1.3073370942705396,0.0
467,-0.9045058533675929,-1.3140115982983096,0.0
468,-0.8929447261429257,-1.3205903202660232,0.0
469,-0.8813183841684888,-1.3270725847878926,0.0
470,-0.869627544813353,-1.3334577199364497,0.0
471,-0.8578729325740866,-1.3397450573122724,0.0
472,-0.8460552790952003,-1.3459339321147437,0.0
473,-0.8341753231891387,-1.3520236832138475,0.0
474,-0.8222338108557992,-1.3580136532230138,0.0
475,-0.8102314953015555,-1.3639031885730097,0.0
476,-0.7981691369577668,-1.3696916395868917,0.0
477,-0.7860475034987483,-1.375378360556017,0.0
478,-0.7738673698591829,-1.3809627098171255,0.0
479,-0.7616295182509507,-1.386444049830492,0.0
480,-0.7493347381793536,-1.3918217472591559,0.0
481,-0.736983826458712,-1.3970951730492343,0.0
482,-0.7245775872273094,-1.402263702511319,0.0
483,-0.7121168319616616,-1.4073267154029634,0.0
484,-0.6996023794900855,-1.412283596012263,0.0
485,-0.687035056005543,-1.4171337332425318,0.0
486,-0.6744156950777352,-1.4218765206980766,0.0
487,-0.66174513766442,-1.4265113567710737,0.0
488,-0.649024232121929,-1.4310376447295476,0.0
489,-0.6362538342148559,-1.435454792806456,0.0
490,-0.623434807124891,-1.4397622142898787,0.0
491,-0.6105680214587722,-1.4439593276143148,0.0
492,-0.5976543552553293,-1.4480455564530865,0.0
493,-0.5846946939915888,-1.45202032981185,0.0
494,-0.5716899305879146,-1.4558830821232116,0.0
495,-0.558640965412155,-1.4596332533424505,0.0
496,-0.5455487062827656,-1.4632702890443456,0.0
497,-0.5324140684708812,-1.4667936405211017,0.0
498,-0.5192379747013048,-1.4702027648813767,0.0
499,-0.5060213551523847,-1.4734971251504045,0.0
500,-0.4927651474547493,-1.476676190371209,0.0
501,-0.47947029668886887,-1.4797394357069071,0.0
502,-0.46613775538141183,-1.482686342544095,0.0
503,-0.45276848350036625,-1.4855163985973103,0.0
504,-0.43936344844889313,-1.4882290980145672,0.0
505,-0.42592362505787973,-1.4908239414839566,0.0
506,-0.412449995577161,-1.4933004363413018,0.0
507,-0.39894354966537565,-1.4956580966788657,0.0
508,-0.38540528437842425,-1.497896443455097,0.0
509,-0.3718362041564958,-1.5000150046054082,0.0
510,-0.35823732080962944,-1.5020133151539738,0.0
511,-0.34460965350177664,-1.5038909173265398,0.0
512,-0.33095422873333086,-1.5056473606642296,0.0
513,-0.3172720803220892,-1.5072822021383367,0.0
514,-0.30356424938261195,-1.5087950062660906,0.0
515,-0.28983178430394496,-1.5101853452273801,0.0
516,-0.27607574072566965,-1.5114527989824196,0.0
517,-0.2622971815122459,-1.5125969553903444,0.0
518,-0.2484971767256114,-1.5136174103287174,0.0
519,-0.23467680359600274,-1.514513767813927,0.0
520,-0.22083714649096198,-1.5152856401224635,0.0
521,-0.2069792968824926,-1.5159326479130475,0.0
522,-0.19310435331232947,-1.5164544203495978,0.0
523,-0.17921342135528567,-1.5168505952250104,0.0
524,-0.16530761358064108,-1.5171208190857315,0.0
525,-0.1513880495115355,-1.5172647473570982,0.0
526,-0.13745585558233062,-1.5172820444694248,0.0
527,-0.12351216509390393,-1.5171723839848086,0.0
528,-0.10955811816683896,-1.5169354487246274,0.0
529,-0.09559486169247473,-1.516570930897704,0.0
530,-0.08162354928177884,-1.5160785322291093,0.0
531,-0.06764534121200759,-1.5154579640895705,0.0
532,-0.053661404371117334,-1.5147089476254596,0.0
533,-0.03967291219989084,-1.5138312138893257,0.0
534,-0.025681044631743172,-1.5128245039709405,0.0
535,-0.011686988030171304,-1.5116885691288233,0.0
536,0.002308064876187918,-1.5104231709222093,0.0
537,0.016302915060926508,-1.5090280813434258,0.0
538,0.030296357269695727,-1.5075030829506368,0.0
539,0.04428718009253265,-1.5058479690009212,0.0
540,0.05827416603871715,-1.5040625435836408,0.0
541,0.07225609161419312,-1.5021466217540587,0.0
542,0.08623172740158742,-1.5001000296671656,0.0
543,0.10019983814285958,-1.4979226047116714,0.0
544,0.11415918282461462,-1.4956141956441147,0.0
545,0.12810851476611132,-1.4931746627230469,0.0
546,0.142046581709997,-1.4906038778432429,0.0
547,0.15597212591580004,-1.4879017246698876,0.0
548,0.16988388425621012,-1.4850680987726916,0.0
549,0.18378058831617608,-1.4821029077598828,0.0
550,0.19766096449484974,-1.4790060714120228,0.0
551,0.21152373411040448,-1.4757775218155926,0.0
552,0.22536761350775522,-1.4724172034962952,0.0
553,0.2391913141692068,-1.4689250735520165,0.0
554,0.25299354282805614,-1.4653011017853885,0.0
555,0.2667730015851729,-1.461545270835896,0.0
556,0.2805283880285824,-1.4576575763114645,0.0
557,0.29425839535607323,-1.453638026919473,0.0
558,0.3079617125008519,-1.4494866445971224,0.0
559,0.3216370242602643,-1.4452034646411018,0.0
560,0.3352830114276034,-1.4407885358364847,0.0
561,0.34889835092702237,-1.4362419205847883,0.0
562,0.3624817159515686,-1.4315636950311308,0.0
563,0.37603177610435523,-1.4267539491904158,0.0
564,0.3895471975428845,-1.4218127870724755,0.0
565,0.40302664312653513,-1.4167403268061012,0.0
566,0.41646877256722586,-1.411536700761888,0.0
567,0.4298722425832648,-1.4062020556738233,0.0
568,0.4432357070563931,-1.4007365527595401,0.0
569,0.4565578171920298,-1.3951403678391658,0.0
570,0.46983722168272285,-1.3894136914526836,0.0
571,0.48307256687480976,-1.383556728975734,0.0
572,0.49626249693829055,-1.3775697007337764,0.0
573,0.5094056540399112,-1.3714528421145293,0.0
574,0.5225006785194577,-1.3652064036786131,0.0
575,0.5355462090692553,-1.3588306512683102,0.0
576,0.5485408829168683,-1.3523258661143622,0.0
577,0.5614833360109921,-1.3456923449407223,0.0
578,0.5743722032105284,-1.3389304000671778,0.0
579,0.5872061184768309,-1.332040359509758,0.0
580,0.5999837150691089,-1.3250225670788454,0.0
581,0.6127036257429705,-1.3178773824749008,0.0
582,0.6253644829520904,-1.3106051813817203,0.0
583,0.6379649190529775,-1.303206355557133,0.0
584,0.6505035665128246,-1.2956813129210567,0.0
585,0.6629790581204094,-1.2880304776408216,0.0
586,0.6753900272000236,-1.280254290213674,0.0
587,0.6877351078283989,-1.2723532075463742,0.0
588,0.700012935054595,-1.2643277030317979,0.0
589,0.7122221451228197,-1.2561782666224537,0.0
590,0.7243613756981374,-1.2479054049008282,0.0
591,0.7364292660950318,-1.2395096411464699,0.0
592,0.7484244575087763,-1.230991515399724,0.0
593,0.7603455932495686,-1.2223515845220299,0.0
594,0.772191318979381,-1.2135904222526912,0.0
595,0.7839602829514758,-1.2047086192620344,0.0
596,0.7956511362525333,-1.1957067832008648,0.0
597,0.8072625330473353,-1.1865855387461346,0.0
598,0.8187931308259471,-1.177345527642738,0.0
599,0.8302415906533338,-1.167987408741344,0.0
600,0.8416065774213504,-1.1585118580321858,0.0
601,0.8528867601030345,-1.14891956867472,0.0
602,0.8640808120091369,-1.1392112510230716,0.0
603,0.8751874110468116,-1.1293876326471861,0.0
604,0.886205239980396,-1.1194494583496026,0.0
605,0.8971329866941987,-1.1093974901777712,0.0
606,0.9079693444572162,-1.0992325074318336,0.0
607,0.918713012189694,-1.0889553066677915,0.0
608,0.9293626947314471,-1.0785667016959848,0.0
609,0.9399171031118483,-1.0680675235748045,0.0
610,0.9503749548213959,-1.057458620599571,0.0
611,0.9607349740847626,-1.0467408582865017,0.0
612,0.970995892135231,-1.0359151193517016,0.0
613,0.981156447490415,-1.0249823036851096,0.0
614,0.9912153862291646,-1.0139433283193338,0.0
615,1.001171462269549,-1.002799127393312,0.0
616,1.0110234376478102,-0.9915506521107388,0.0
617,1.0207700827981787,-0.9801988706931988,0.0
618,1.0304101768334353,-0.9687447683279489,0.0
619,1.0399425078261078,-0.9571893471102989,0.0
620,1.0493658730901834,-0.9455336259805358,0.0
621,1.0586790794632173,-0.9337786406553457,0.0
622,1.067880943588716,-0.9219254435536868,0.0
623,1.0769702921986724,-0.9099751037170711,0.0
624,1.085945962396124,-0.8979287067242152,0.0
625,1.09480680193761,-0.8857873546000223,0.0
626,1.103551669515393,-0.8735521657188646,0.0
627,1.1121794350393188,-0.8612242747021326,0.0
628,1.120688979918175,-0.8488048323100276,0.0
629,1.1290791973404175,-0.8362950053275715,0.0
630,1.1373489925541271,-0.8236959764448156,0.0
631,1.1454972831460568,-0.8110089441312315,0.0
632,1.1535229993196305,-0.7982351225042703,0.0
633,1.1614250841717546,-0.785375741192084,0.0
634,1.1692024939682966,-0.7724320451904005,0.0
635,1.1768541984180902,-0.759405294713554,0.0
636,1.184379180945323,-0.7462967650396704,0.0
637,1.1917764389601604,-0.7331077463500172,0.0
638,1.1990449841274606,-0.7198395435625266,0.0
639,1.2061838426334368,-0.7064934761595069,0.0
640,1.2131920554501157,-0.6930708780095617,0.0
641,1.22006867859745,-0.6795730971837391,0.0
642,1.2268127834029345,-0.6660014957659387,0.0
643,1.233423456758581,-0.6523574496576064,0.0
644,1.2398998013751028,-0.6386423483767562,0.0
645,1.246240936033164,-0.6248575948513536,0.0
646,1.2524459958315466,-0.6110046052071113,0.0
647,1.258514132432087,-0.5970848085497393,0.0
648,1.2644445143012417,-0.5830996467417079,0.0
649,1.2702363269481327,-0.5690505741735775,0.0
650,1.2758887731589321,-0.5549390575299575,0.0
651,1.2814010732274412,-0.5407665755501616,0.0
652,1.2867724651817252,-0.526534618783628,0.0
653,1.292002205006662,-0.5122446893401797,0.0
654,1.2970895668622666,-0.497898300635205,0.0
655,1.3020338432976555,-0.48349697712983775,0.0
656,1.3068343454605154,-0.4690422540662293,0.0
657,1.311490403301943,-0.45453567719799953,0.0
658,1.3160013657765268,-0.43997880251596505,0.0
659,1.3203666010375388,-0.42537319596924283,0.0
660,1.3245854966271144,-0.41072043318183327,0.0
661,1.3286574596612932,-0.3960220991647905,0.0
662,1.3325819170098003,-0.38127978802409096,0.0
663,1.336358315470453,-0.36649510266431595,0.0
664,1.3399861219380726,-0.3516696544882666,0.0
665,1.3434648235677942,-0.3368050630926339,0.0
666,1.3467939279326593,-0.32190295595985097,0.0
667,1.3499729631753945,-0.3069649681462553,0.0
668,1.3530014781542643,-0.2919927419666957,0.0
669,1.3558790425829068,-0.27698792667571964,0.0
670,1.3586052471640526,-0.26195217814547933,0.0
671,1.3611797037170397,-0.24688715854050058,0.0
672,1.3636020452990336,-0.23179453598945854,0.0
673,1.3658719263198722,-0.21667598425410883,0.0
674,1.3679890226504547,-0.20153318239552484,0.0
675,1.3699530317246005,-0.1863678144377942,0.0
676,1.3717636726343072,-0.17118156902933038,0.0
677,1.373420686218342,-0.155976139101957,0.0
678,1.3749238351441035,-0.14075322152792522,0.0
679,1.3762729039827006,-0.12551451677502568,0.0
680,1.37746769927719,-0.11026172855995932,0.0
681,1.3785080496039295,-0.09499656350013203,0.0
682,1.379393805627002,-0.07972073076404039,0.0
683,1.3801248401456736,-0.06443594172041663,0.0
684,1.380701048134848,-0.04914390958630231,0.0
685,1.3811223467784959,-0.03384634907422128,0.0
686,1.381388675496028,-0.018544976038623165,0.0
687,1.3814999959616003,-0.003241507121769593,0.0
688,1.381456292116331,0.012062340600764334,0.0
689,1.3812575701734262,0.027364849974800314,0.0
690,1.380903858616209,0.04266430412230569,0.0
691,1.3803952081890507,0.05795898679600764,0.0
692,1.379731691881214,0.07324718273369961,0.0
693,1.3789134049036178,0.0885271780120673,0.0
694,1.3779404646585423,0.10379726039986167,0.0
695,1.3768130107022902,0.11905571971024752,0.0
696,1.3755312047008377,0.13430084815215648,0.0
697,1.3740952303785003,0.14953094068047468,0.0
698,1.3725052934596547,0.1647442953448961,0.0
699,1.3707616216035512,0.17993921363727416,0.0
700,1.3688644643322705,0.1951140008373053,0.0
701,1.3668140929518666,0.21026696635638015,0.0
702,1.3646108004667585,0.2253964240794395,0.0
703,1.3622549014874255,0.24050069270467386,0.0
704,1.3597467321314713,0.25557809608090837,0.0
705,1.3570866499181273,0.27062696354251575,0.0
706,1.3542750336562648,0.28564563024170336,0.0
707,1.3513122833259967,0.3006324374780223,0.0
708,1.348198819953948,0.3155857330249496,0.0
709,1.3449350854822801,0.33050387145339605,0.0
710,1.34152154263156,0.3453852144519975,0.0
711,1.3379586747575674,0.3602281311440471,0.0
712,1.3342469857021342,0.3750309984009327,0.0
713,1.3303869996381206,0.389792201151943,0.0
714,1.3263792609086298,0.40451013269031344,0.0
715,1.3222243338605681,0.41918319497538203,0.0
716,1.317922802672665,0.43380979893073285,0.0
717,1.3134752711780606,0.4483883647382048,0.0
718,1.3088823626815853,0.4629173221276505,0.0
719,1.3041447197718439,0.47739511066233065,0.0
720,1.2992630041282323,0.49182018001983524,0.0
721,1.294237896323009,0.5061909902684264,0.0
722,1.2890700956185501,0.5205060121387015,0.0
723,1.2837603197599157,0.5347637272904778,0.0
724,1.2783093047628633,0.5489626285748082,0.0
725,1.2727178046974392,0.5631012202910354,0.0
726,1.2669865914672849,0.577178018438803,0.0
727,1.2611164545847957,0.5911915509649405,0.0
728,1.2551082009422723,0.6051403580051462,0.0
729,1.2489626545792036,0.6190229921203966,0.0
730,1.2426806564458255,0.6328380185280139,0.0
731,1.2362630641630952,0.6465840153273281,0.0
732,1.2297107517792296,0.6602595737198739,0.0
733,1.223024609522949,0.6738632982240689,0.0
734,1.2162055435535726,0.6873938068843216,0.0
735,1.209254475708115,0.7008497314745225,0.0
736,1.2021723432455251,0.7142297176958775,0.0
737,1.1949600985882196,0.7275324253690455,0.0
738,1.1876187090610542,0.7407565286205465,0.0
739,1.1801491566278821,0.7539007160634121,0.0
740,1.172552437625846,0.7669636909720516,0.0
741,1.1648295624975493,0.7799441714513157,0.0
742,1.156981555521255,0.7928408905997391,0.0
743,1.1490094545392564,0.8056525966669501,0.0
744,1.140914310684564,0.8183780532052403,0.0
745,1.1326971881060568,0.8310160392152868,0.0
746,1.1243591636922368,0.84356534928603,0.0
747,1.115901326793732,0.8560247937287082,0.0
748,1.1073247789446898,0.868393198705057,0.0
749,1.0986306335831975,0.8806694063496847,0.0
750,1.089820015770874,0.892852274886638,0.0
751,1.0808940619117653,0.9049406787401765,0.0
752,1.0718539194706822,0.9169335086397779,0.0
753,1.0627007466911145,0.9288296717193993,0.0
754,1.053435712312853,0.9406280916110239,0.0
755,1.0440599952894518,0.9523277085325226,0.0
756,1.0345747845056568,0.96392747936987,0.0
757,1.0249812784949317,0.9754263777537487,0.0
758,1.0152806851572025,0.986823394130587,0.0
759,1.0054742214769443,0.9981175358280706,0.0
760,0.9955631132417326,1.00930782711518,0.0
761,0.9855485947613749,1.020393309256799,0.0
762,0.97543190858774,1.0313730405629495,0.0
763,0.9652143052353988,1.0422460964327083,0.0
764,0.9548970429031864,1.0530115693928608,0.0
765,0.9444813871967965,1.0636685691313545,0.0
766,0.9339686108525114,1.0742162225256124,0.0
767,0.9233599934621732,1.0846536736657726,0.0
768,0.912656821199498,1.0949800838729196,0.0
769,0.9018603865478279,1.105194631712375,0.0
770,0.8909719880294207,1.1152965130021208,0.0
771,0.879992929936368,1.1252849408164232,0.0
772,0.8689245220632326,1.1351591454847356,0.0
773,0.8577680794414917,1.1449183745859535,0.0
774,0.8465249220758736,1.1545618929380965,0.0
775,0.8351963746826665,1.1640889825835012,0.0
776,0.8237837664300816,1.1734989427695985,0.0
777,0.8122884306807445,1.1827910899253609,0.0
778,0.8007117047363914,1.1919647576334984,0.0
779,0.7890549295848384,1.2010192965984896,0.0
780,0.7773194496492937,1.2099540746105266,0.0
781,0.7655066125400779,1.218768476505465,0.0
782,0.753617768808815,1.2274619041208579,0.0
783,0.7416542717051537,1.236033776248166,0.0
784,0.7296174769360759,1.2444835285812261,0.0
785,0.7175087424278485,1.2528106136610677,0.0
786,0.7053294280906675,1.2610145008171634,0.0
787,0.6930808955860467,1.269094676105204,0.0
788,0.680764508096995,1.2770506422414833,0.0
789,0.6683816301010264,1.2848819185339835,0.0
790,0.655933627146045,1.2925880408102466,0.0
791,0.6434218656291428,1.3001685613421252,0.0
792,0.6308477125783465,1.3076230487674962,0.0
793,0.6182125354373466,1.3149510880090285,0.0
794,0.6055177018532405,1.322152280190092,0.0
795,0.5927645794673182,1.3292262425478973,0.0
796,0.5799545357089154,1.3361726083439502,0.0
797,0.5670889375923605,1.342991026771913,0.0
798,0.5541691515170344,1.3496811628629555,0.0
799,0.5411965430705648,1.3562426973886836,0.0
800,0.5281724768351697,1.3626753267617324,0.0
801,0.5150983161971673,1.3689787629341064,0.0
802,0.5019754231596629,1.3751527332933537,0.0
803,0.48880515815842546,1.381196980556658,0.0
804,0.4755888798809602,1.387111262662928,0.0
805,0.4623279450887862,1.3928953526629735,0.0
806,0.4490237084429217,1.3985490386078416,0.0
807,0.43567752233258067,1.4040721234354006,0.0
808,0.4222907367070814,1.409464424855247,0.0
809,0.4088646989109661,1.4147257752320168,0.0
810,0.39540075352232895,1.4198560214671778,0.0
811,0.38190024219434765,1.42485502487938,0.0
812,0.36836450350001293,1.429722661083441,0.0
813,0.35479487278004807,1.4344588198680386,0.0
814,0.34119268199400915,1.4390634050721882,0.0
815,0.32755925957455523,1.4435363344605747,0.0
816,0.3138959302848763,1.4478775395978105,0.0
817,0.300204015079265,1.452086965721692,0.0
818,0.28648483096681737,1.4561645716155203,0.0
819,0.27273969087824657,1.460110329479559,0.0
820,0.2589699035357908,1.4639242248016913,0.0
821,0.24517677332619794,1.4676062562273433,0.0
822,0.23136160017676596,1.47115643542874,0.0
823,0.21752567943441828,1.4745747869735548,0.0
824,0.20367030174779183,1.4778613481930132,0.0
825,0.18979675295231427,1.4810161690495163,0.0
826,0.17590631395824663,1.4840393120038373,0.0
827,0.1620002606416656,1.486930851881953,0.0
828,0.1480798637383598,1.4896908757415677,0.0
829,0.13414638874061274,1.4923194827383794,0.0
830,0.12020109579684497,1.494816783992151,0.0
831,0.10624523961408665,1.4971829024526317,0.0
832,0.09228006936325149,1.4994179727653856,0.0
833,0.0783068285871819,1.501522141137574,0.0
834,0.06432675511143487,1.5034955652037454,0.0
835,0.05034108095777738,1.5053384138916737,0.0
836,0.03635103226035946,1.507050867288301,0.0
837,0.02235782918453271,1.5086331165058202,0.0
838,0.008362685848281428,1.51008536354795,0.0
839,-0.005633189753766931,1.5114078211764395,0.0
840,-0.019628595823785608,1.5126007127778458,0.0
841,-0.03362233683168079,1.5136642722306277,0.0
842,-0.047613223583546666,1.5145987437725903,0.0
843,-0.06160007328767803,1.515404381868721,0.0
844,-0.07558170961817551,1.5160814510794542,0.0
845,-0.08955696277617854,1.5166302259293982,0.0
846,-0.10352466954876186,1.517050990776561,0.0
847,-0.117483673365531,1.5173440396821074,0.0
848,-0.1314328243529528,1.5175096762806795,0.0
849,-0.14537097938645693,1.517548213651311,0.0
850,-0.15929700214034434,1.517459974188968,0.0
851,-0.17320976313553943,1.5172452894767416,0.0
852,-0.18710813978522153,1.516904500158722,0.0
853,-0.20099101643837247,1.5164379558135817,0.0
854,-0.21485728442127658,1.5158460148288908,0.0
855,-0.22870584207700909,1.5151290442761922,0.0
856,-0.24253559480294967,1.514287419786858,0.0
857,-0.2563454550863573,1.5133215254287504,0.0
858,-0.2701343425380422,1.5122317535837095,0.0
859,-0.2839011839241714,1.5110185048258875,0.0
860,-0.29764491319624414,1.5096821878009505,0.0
861,-0.3113644715192719,1.5082232191061655,0.0
862,-0.3250588072982003,1.5066420231713904,0.0
863,-0.338726876202607,1.504939032140986,0.0
864,-0.35236764118971203,1.5031146857566624,0.0
865,-0.365980072525735,1.5011694312412807,0.0
866,-0.37956314780563466,1.4991037231836177,0.0
867,-0.39311585197126536,1.4969180234241135,0.0
868,-0.406637177327985,1.4946128009416106,0.0
869,-0.4201261235597487,1.4921885317410977,0.0
870,-0.4335816977427224,1.4896456987424709,0.0
871,-0.4470029143574498,1.4869847916703207,0.0
872,-0.4603887952996064,1.4842063069447566,0.0
873,-0.47373836988937384,1.481310747573276,0.0
874,-0.48705067487946746,1.4782986230436876,0.0
875,-0.5003247544618492,1.475170449218097,0.0
876,-0.5135596602731588,1.4719267482279612,0.0
877,-0.5267544513988951,1.4685680483702164,0.0
878,-0.5399081943763783,1.4650948840044886,0.0
879,-0.5530199631965257,1.4615077954513895,0.0
880,-0.5660888393044707,1.4578073288919022,0.0
881,-0.5791139115990568,1.4539940362678627,0.0
882,-0.5920942764312356,1.4500684751835382,0.0
883,-0.6050290376013995,1.4460312088083056,0.0
884,-0.6179173063556787,1.441882805780435,0.0
885,-0.6307582013812308,1.4376238401119759,0.0
886,-0.6435508488005535,1.4332548910947507,0.0
887,-0.6562943821648456,1.428776543207454,0.0
888,-0.6689879424464487,1.42418938602386,0.0
889,-0.6816306780303933,1.4194940141221368,0.0
890,-0.6942217447050794,1.4146910269952675,0.0
891,-0.7067603056521156,1.4097810289625745,0.0
892,-0.719245531435347,1.4047646290823514,0.0
893,-0.7316765999890943,1.3996424410655945,0.0
894,-0.7440526966056324,1.3944150831908353,0.0
895,-0.7563730139219322,1.3890831782200703,0.0
896,-0.7686367519056918,1.383647353315785,0.0
897,-0.7808431178406808,1.3781082399590698,0.0
898,-0.7929913263114226,1.372466473868823,0.0
899,-0.8050805991872371,1.3667226949220377,0.0
900,-0.8171101656056701,1.3608775470751668,0.0
901,-0.8290792619553284,1.3549316782865655,0.0
902,-0.8409871318581474,1.3488857404400005,0.0
903,-0.8528330261511098,1.3427403892692273,0.0
904,-0.8646162028674402,1.336496284283624,0.0
905,-0.8763359272172955,1.3301540886948808,0.0
906,-0.8879914715679724,1.3237144693447367,0.0
907,-0.8995821154236536,1.3171780966337583,0.0
908,-0.911107145404712,1.3105456444511538,0.0
909,-0.9225658552265936,1.3038177901056158,0.0
910,-0.9339575456782985,1.2969952142571863,0.0
911,-0.94528152460048,1.2900786008501375,0.0
912,-0.9565371068631794,1.2830686370468591,0.0
913,-0.9677236143432164,1.2759660131627482,0.0
914,-0.9788403759012527,1.26877142260209,0.0
915,-0.9898867273585463,1.2614855617949279,0.0
916,-1.0008620114734152,1.2541091301349059,0.0
917,-1.011765577917427,1.2466428299180863,0.0
918,-1.0225967832513305,1.2390873662827253,0.0
919,-1.0333549909007473,1.2314434471500042,0.0
920,-1.044039571131639,1.2237117831657047,0.0
921,-1.0546499010255659,1.2158930876428211,0.0
922,-1.0651853644547506,1.2079880765051012,0.0
923,-1.0756453520569678,1.1999974682315069,0.0
924,-1.0860292612102662,1.1919219838015844,0.0
925,-1.0963364960075466,1.1837623466417377,0.0
926,-1.1065664672310027,1.1755192825723944,0.0
927,-1.1167185923264435,1.1671935197560561,0.0
928,-1.126792295377508,1.1587857886462232,0.0
929,-1.136787007079789,1.1502968219371865,0.0
930,-1.1467021647148739,1.1417273545146747,0.0
931,-1.1565372121243211,1.13307812340735,0.0
932,-1.1662915996835812,1.1243498677391415,0.0
933,-1.1759647842758743,1.1155433286824081,0.0
934,-1.1855562292660382,1.1066592494119203,0.0
935,-1.1950654044743587,1.0976983750596525,0.0
936,-1.2044917861503905,1.0886614526703766,0.0
937,-1.2138348569467838,1.0795492311580457,0.0
938,-1.2230941058931257,1.0703624612629608,0.0
939,-1.2322690283698052,1.061101895509709,0.0
940,-1.2413591260819168,1.0517682881658654,0.0
941,-1.2503639070332082,1.0423623952014478,0.0
942,-1.259282885500085,1.032884974249115,0.0
943,-1.2681155820056809,1.0233367845651005,0.0
944,-1.276861523294002,1.0137185869908687,0.0
945,-1.2855202423041574,1.00403114391549,0.0
946,-1.2940912781446825,0.9942752192387183,0.0
947,-1.3025741760679634,0.984451578334766,0.0
948,-1.3109684874447731,0.9745609880167667,0.0
949,-1.3192737697389272,0.9646042165019135,0.0
950,-1.3274895864820648,0.9545820333772663,0.0
951,-1.335615507248568,0.9444952095662174,0.0
952,-1.3436511076306201,0.9343445172956051,0.0
953,-1.3515959692134185,0.9241307300634682,0.0
954,-1.359449679550542,0.9138546226074299,0.0
955,-1.3672118321394855,0.9035169708737023,0.0
956,-1.3748820263973653,0.8931185519867032,0.0
957,-1.3824598676368032,0.8826601442192743,0.0
958,-1.3899449670419968,0.8721425269634929,0.0
959,-1.3973369416449808,0.8615664807020671,0.0
960,-1.4046354143020874,0.8509327869803053,0.0
961,-1.4118400136706093,0.8402422283786515,0.0
962,-1.4189503741856742,0.8294955884857764,0.0
963,-1.4259661360373346,0.8186936518722159,0.0
964,-1.4328869451478794,0.8078372040645473,0.0
965,-1.4397124531493724,0.7969270315200951,0.0
966,-1.4464423173614227,0.7859639216021567,0.0
967,-1.4530762007691935,0.7749486625557384,0.0
968,-1.459613772001652,0.7638820434837953,0.0
969,-1.4660547053100685,0.7527648543239635,0.0
970,-1.4723986805467657,0.7415978858257769,0.0
971,-1.4786453831441262,0.7303819295283602,0.0
972,-1.4847945040938602,0.719117777738589,0.0
973,-1.4908457399265402,0.707806223509708,0.0
974,-1.4967987926914033,0.6964480606203997,0.0
975,-1.502653369936429,0.6850440835542931,0.0
976,-1.5084091846886951,0.6735950874799072,0.0
977,-1.5140659554350135,0.6621018682310157,0.0
978,-1.519623406102853,0.6505652222874306,0.0
979,-1.5250812660415514,0.6389859467561908,0.0
980,-1.5304392700038179,0.6273648393531506,0.0
981,-1.5356971581275352,0.6157026983849588,0.0
982,-1.5408546759178572,0.6040003227314203,0.0
983,-1.5459115742296117,0.5922585118282312,0.0
984,-1.5508676092500076,0.5804780656500804,0.0
985,-1.5557225424816516,0.5686597846941092,0.0
986,-1.5604761407258747,0.5568044699637199,0.0
987,-1.565128176066375,0.5449129229527265,0.0
988,-1.5696784258531775,0.5329859456298393,0.0
989,-1.574126672686911,0.5210243404234742,0.0
990,-1.5784727044034104,0.5090289102068811,0.0
991,-1.5827163140586422,0.49700045828358075,0.0
992,-1.5868572999139579,0.48493978837310464,0.0
993,-1.5908954654216745,0.47284770459702874,0.0
994,-1.5948306192109907,0.4607250114652934,0.0
995,-1.5986625750742323,0.4485725138628024,0.0
996,-1.602391151953437,0.43639101703629274,0.0
997,-1.6060161739272747,0.42418132658146773,0.0
998,-1.6095374701983087,0.4119442484303862,0.0
999,-1.612954875080598,0.39968058883909924,0.0
1000,-1.6162682279876435,0.38739115437552835,0.0
1001,-1.6194773734206773,0.37507675190757606,0.0
1002,-1.6225821609573021,0.3627381885914624,0.0
1003,-1.6255824452404752,0.3503762718602798,0.0
1004,-1.6284780859678447,0.33799180941275847,0.0
1005,-1.6312689478814357,0.3255856092022351,0.0
1006,-1.63395490075769,0.3131584794258183,0.0
1007,-1.636535819397858,0.3007112285137419,0.0
1008,-1.6390115836187493,0.28824466511890023,0.0
1009,-1.6413820782438344,0.27575959810655787,0.0
1010,-1.6436471930947094,0.2632568365442255,0.0
1011,-1.645806822982915,0.25073718969169645,0.0
1012,-1.647860867702118,0.23820146699123504,0.0
1013,-1.649809232020653,0.22565047805791105,0.0
1014,-1.6516518256744233,0.21308503267007192,0.0
1015,-1.6533885633601684,0.20050594075994643,0.0
1016,-1.6550193647290916,0.1879140124043723,0.0
1017,-1.6565441543808526,0.1753100578156409,0.0
1018,-1.6579628618579254,0.1626948873324519,0.0
1019,-1.6592754216403218,0.15006931141097074,0.0
1020,-1.6604817731406807,0.137434140615982,0.0
1021,-1.6615818606997237,0.12479018561213184,0.0
1022,-1.6625756335820792,0.11213825715525211,0.0
1023,-1.6634630459724737,0.09947916608375947,0.0
1024,-1.664244056972291,0.08681372331012248,0.0
1025,-1.6649186305965007,0.07414273981238968,0.0
1026,-1.6654867357709562,0.0614670266257717,0.0
1027,-1.6659483463300602,0.04878739483427048,0.0
1028,-1.6663034410148023,0.03610465556234872,0.0
1029,-1.6665520034711645,0.023419619966632603,0.0
1030,-1.6666940222488977,0.010733099227640798,0.0
1031,-1.6667294908006687,-0.0019540954584669934,0.0
1032,-1.6666584074815765,-0.014641152888129026,0.0
1033,-1.6664807755490396,-0.027327261858614844,0.0
1034,-1.6661966031630546,-0.040011611176259905,0.0
1035,-1.665805903386823,-0.05269338966470835,0.0
1036,-1.6653086941877502,-0.06537178617317092,0.0
1037,-1.6647049984388131,-0.07804598958470485,0.0
1038,-1.6639948439203003,-0.09071518882452259,0.0
1039,-1.6631782633219183,-0.10337857286833652,0.0
1040,-1.662255294245271,-0.11603533075074626,0.0
1041,-1.6612259792067066,-0.12868465157367576,0.0
1042,-1.6600903656405328,-0.141325724514867,0.0
1043,-1.6588485059026021,-0.15395773883643715,0.0
1044,-1.6575004572742649,-0.1665798838935065,0.0
1045,-1.6560462819666886,-0.17919134914290358,0.0
1046,-1.6544860471255474,-0.19179132415195502,0.0
1047,-1.6528198248360746,-0.20437899860736675,0.0
1048,-1.6510476921284836,-0.2169535623242037,0.0
1049,-1.6491697309837532,-0.22951420525497512,0.0
1050,-1.6471860283397781,-0.24206011749883236,0.0
1051,-1.6450966760978827,-0.2545904893108862,0.0
1052,-1.6429017711296976,-0.2671045111116512,0.0
1053,-1.6406014152844002,-0.2796013734966233,0.0
1054,-1.6381957153963143,-0.292080267245999,0.0
1055,-1.635684783292871,-0.30454038333454225,0.0
1056,-1.6330687358029294,-0.3169809129416064,0.0
1057,-1.6303476947654558,-0.3294010474613192,0.0
1058,-1.6275217870385579,-0.3417999785129368,0.0
1059,-1.6245911445088779,-0.35417689795137486,0.0
1060,-1.621555904101338,-0.3665309978779242,0.0
1061,-1.6184162077892421,-0.37886147065115744,0.0
1062,-1.6151722026047257,-0.39116750889803453,0.0
1063,-1.6118240406495599,-0.40344830552521466,0.0
1064,-1.6083718791063037,-0.4157030537305815,0.0
1065,-1.6048158802498032,-0.4279309470149895,0.0
1066,-1.6011562114590379,-0.44013117919423866,0.0
1067,-1.5973930452293108,-0.452302944411285,0.0
1068,-1.5935265591847818,-0.4644454371486948,0.0
1069,-1.5895569360913413,-0.4765578522413495,0.0
1070,-1.585484363869824,-0.4886393848894094,0.0
1071,-1.581309035609558,-0.5006892306715435,0.0
1072,-1.5770311495822518,-0.512706585558433,0.0
1073,-1.5726509092562106,-0.5246906459265568,0.0
1074,-1.5681685233108875,-0.5366406085722664,0.0
1075,-1.5635842056517595,-0.548555670726157,0.0
1076,-1.5588981754255327,-0.5604350300677448,0.0
1077,-1.5541106570356702,-0.5722778847404559,0.0
1078,-1.5492218801582411,-0.5840834333669371,0.0
1079,-1.5442320797580888,-0.5958508750646943,0.0
1080,-1.5391414961053156,-0.6075794094620676,0.0
1081,-1.53395037479208,-0.6192682367145524,0.0
1082,-1.5286589667497046,-0.6309165575214718,0.0
1083,-1.5232675282660932,-0.6425235731430097,0.0
1084,-1.5177763210034498,-0.6540884854176147,0.0
1085,-1.5121856120163013,-0.6656104967797792,0.0
1086,-1.5064956737698172,-0.6770888102782054,0.0
1087,-1.500706784158424,-0.6885226295943642,0.0
1088,-1.4948192265247129,-0.6999111590614562,0.0
1089,-1.4888332896786314,-0.7112536036837843,0.0
1090,-1.4827492679169634,-0.7225491691565442,0.0
1091,-1.4765674610430877,-0.733797061886042,0.0
1092,-1.4702881743870118,-0.7449964890103487,0.0
1093,-1.4639117188256803,-0.7561466584203985,0.0
1094,-1.4574384108035507,-0.7672467787815407,0.0
1095,-1.4508685723534325,-0.7782960595555521,0.0
1096,-1.4442025311175872,-0.789293711023122,0.0
1097,-1.4374406203690833,-0.8002389443068137,0.0
1098,-1.4305831790333998,-0.8111309713945165,0.0
1099,-1.423630551710279,-0.8219690051633924,0.0
1100,-1.416583088695816,-0.8327522594043296,0.0
1101,-1.4094411460047866,-0.8434799488469101,0.0
1102,-1.4022050853932055,-0.8541512891849012,0.0
1103,-1.3948752743811073,-0.8647654971022788,0.0
1104,-1.38745208627555,-0.8753217902997927,0.0
1105,-1.3799359001938303,-0.8858193875220827,0.0
1106,-1.3723271010869076,-0.8962575085853531,0.0
1107,-1.3646260797630303,-0.9066353744056183,0.0
1108,-1.3568332329115576,-0.9169522070275239,0.0
1109,-1.34894896312697,-0.9272072296537567,0.0
1110,-1.3409736789330653,-0.9373996666750507,0.0
1111,-1.3329077948073282,-0.9475287437007985,0.0
1112,-1.3247517312054706,-0.9575936875902783,0.0
1113,-1.3165059145861344,-0.9675937264845048,0.0
1114,-1.3081707774357494,-0.977528089838714,0.0
1115,-1.299746758293539,-0.9873960084554916,0.0
1116,-1.291234301776665,-0.9971967145185532,0.0
1117,-1.2826338586055073,-1.006929441627187,0.0
1118,-1.2739458856290644,-1.0165934248313675,0.0
1119,-1.2651708458504731,-1.0261879006675512,0.0
1120,-1.2563092084526344,-1.0357121071951607,0.0
1121,-1.247361448823938,-1.0451652840337708,0.0
1122,-1.238328048584078,-1.054546672401003,0.0
1123,-1.2292094956099495,-1.0638555151511389,0.0
1124,-1.2200062840616162,-1.0730910568144616,0.0
1125,-1.2107189144083401,-1.0822525436373367,0.0
1126,-1.201347893454665,-1.091339223623039,0.0
1127,-1.1918937343665408,-1.100350346573337,0.0
1128,-1.1823569566974808,-1.1092851641308439,0.0
1129,-1.17273808641474,-1.1181429298221446,0.0
1130,-1.163037655925506,-1.1269228991017075,0.0
1131,-1.1532562041030863,-1.135624329396593,0.0
1132,-1.1433942763130878,-1.1442464801519645,0.0
1133,-1.1334524244395712,-1.1527886128774134,0.0
1134,-1.1234312069111714,-1.1612499911941085,0.0
1135,-1.11333118872717,-1.169629880882777,0.0
1136,-1.1031529414835104,-1.1779275499325272,0.0
1137,-1.0928970433987402,-1.1861422685905234,0.0
1138,-1.0825640793398672,-1.1942733094125186,0.0
1139,-1.0721546408481204,-1.2023199473142605,0.0
1140,-1.0616693261645973,-1.2102814596237716,0.0
1141,-1.051108740255787,-1.2181571261345208,0.0
1142,-1.0404734948389533,-1.2259462291594885,0.0
1143,-1.0297642084073646,-1.2336480535861392,0.0
1144,-1.0189815062553547,-1.241261886932307,0.0
1145,-1.0081260205032,-1.2487870194030048,0.0
1146,-0.9971983901218,-1.256222743948164,0.0
1147,-0.986199260957139,-1.2635683563213154,0.0
1148,-0.9751292857545213,-1.2708231551392177,0.0
1149,-0.9639891241825576,-1.2779864419424436,0.0
1150,-0.9527794428568883,-1.285057521256929,0.0
1151,-0.9415009153636265,-1.2920357006564966,0.0
1152,-0.9301542222825022,-1.2989202908263604,0.0
1153,-0.9187400512096927,-1.305710605627617,0.0
1154,-0.9072590967803177,-1.3124059621627355,0.0
1155,-0.8957120606905837,-1.3190056808420485,0.0
1156,-0.8840996517195573,-1.3255090854512555,0.0
1157,-0.8724225857505487,-1.3319155032199432,0.0
1158,-0.8606815857920859,-1.338224264891132,0.0
1159,-0.8488773819984607,-1.3444347047918508,0.0
1160,-0.8370107116898248,-1.350546160904754,0.0
1161,-0.8250823193718156,-1.3565579749407788,0.0
1162,-0.8130929567546936,-1.3624694924128555,0.0
1163,-0.8010433827719651,-1.3682800627106717,0.0
1164,-0.7889343635984734,-1.3739890391764997,0.0
1165,-0.7767666726679334,-1.3795957791820896,0.0
1166,-0.7645410906898886,-1.3850996442066348,0.0
1167,-0.7522584056660668,-1.3904999999158136,0.0
1168,-0.7399194129061122,-1.3957962162419129,0.0
1169,-0.7275249150426694,-1.4009876674650352,0.0
1170,-0.7150757220457966,-1.4060737322953973,0.0
1171,-0.7025726512366824,-1.4110537939567187,0.0
1172,-0.6900165273006418,-1.4159272402707075,0.0
1173,-0.677408182299367,-1.4206934637426438,0.0
1174,-0.6647484556824063,-1.4253518616480652,0.0
1175,-0.6520381942978468,-1.4299018361205527,0.0
1176,-0.6392782524021728,-1.4343427942406253,0.0
1177,-0.6264694916692748,-1.4386741481257366,0.0
1178,-0.6136127811985806,-1.4428953150213797,0.0
1179,-0.6007089975222836,-1.4470057173933,0.0
1180,-0.5877590246116363,-1.4510047830208137,0.0
1181,-0.5747637538822861,-1.4548919450912334,0.0
1182,-0.5617240841986194,-1.4586666422954002,0.0
1183,-0.5486409218770899,-1.462328318924318,0.0
1184,-0.5355151806884985,-1.4658764249668914,0.0
1185,-0.5223477818591965,-1.4693104162087636,0.0
1186,-0.5091396540711823,-1.4726297543322493,0.0
1187,-0.4958917334610601,-1.4758339070173618,0.0
1188,-0.4826049636178309,-1.4789223480439284,0.0
1189,-0.4692802955794849,-1.48189455739479,0.0
1190,-0.4559186878283625,-1.484750021360079,0.0
1191,-0.44252110628525354,-1.4874882326425718,0.0
1192,-0.4290885243022024,-1.4901086904641032,0.0
1193,-0.4156219226539856,-1.492610900673045,0.0
1194,-0.40212228952823087,-1.4949943758528306,0.0
1195,-0.38859062051414306,-1.4972586354315254,0.0
1196,-0.3750279185898047,-1.4994032057924267,0.0
1197,-0.36143519410801733,-1.5014276203856907,0.0
1198,-0.34781346478064884,-1.5033314198409669,0.0
1199,-0.3341637556614545,-1.5051141520810363,0.0
1200,-0.3204870991273358,-1.5067753724364361,0.0
1201,-0.3067845348580028,-1.50831464376106,0.0
1202,-0.29305710981400557,-1.5097315365487192,0.0
1203,-0.27930587821309966,-1.5110256290506494,0.0
1204,-0.26553190150490935,-1.5121965073939498,0.0
1205,-0.25173624834385483,-1.5132437657009343,0.0
1206,-0.2379199945603062,-1.5141670062093808,0.0
1207,-0.22408422312992957,-1.5149658393936587,0.0
1208,-0.21023002414118874,-1.515639884086716,0.0
1209,-0.19635849476096687,-1.5161887676029049,0.0
1210,-0.18247073919827156,-1.5166121258616263,0.0
1211,-0.1685678686659876,-1.5169096035117702,0.0
1212,-0.15465100134064091,-1.517080854056929,0.0
1213,-0.14072126232013712,-1.51712553998136,0.0
1214,-0.12677978357943903,-1.5170433328766721,0.0
1215,-0.11282770392414616,-1.5168339135692104,0.0
1216,-0.09886616894194017,-1.5164969722481114,0.0
1217,-0.08489633095186004,-1.5160322085940006,0.0
1218,-0.07091934895137085,-1.5154393319083042,0.0
1219,-0.05693638856118976,-1.5147180612431426,0.0
1220,-0.042948621967833736,-1.513868125531777,0.0
1221,-0.028957227863852755,-1.5128892637195726,0.0
1222,-0.014963391385713185,-1.511781224895448,0.0
1223,-0.0009683040492957723,-1.510543768423776,0.0
1224,0.013026836317026861,-1.509176664076695,0.0
1225,0.027020825641768147,-1.5076796921668005,0.0
1226,0.041012453682195506,-1.5060526436801733,0.0
1227,0.055000504098722564,-1.5042953204097054,0.0
1228,0.06898375453185954,-1.5024075350886856,0.0
1229,0.0829609766817553,-1.5003891115245993,0.0
1230,0.09693093639036415,-1.4982398847331002,0.0
1231,0.11089239372627,-1.4959597010721108,0.0
1232,0.12484410307219979,-1.493548418376004,0.0
1233,0.13878481321525804,-1.4910059060898184,0.0
1234,0.15271326743991326,-1.488332045403463,0.0
1235,0.1666282036237664,-1.4855267293858538,0.0
1236,0.18052835433613157,-1.482589863118941,0.0
1237,0.1944124469394573,-1.479521363831566,0.0
1238,0.2082792036936171,-1.4763211610331024,0.0
1239,0.22212734186309646,-1.472989196646818,0.0
1240,0.23595557382710303,-1.4695254251429097,0.0
1241,0.24976260719262577,-1.4659298136711496,0.0
1242,0.26354714491046777,-1.4622023421930839,0.0
1243,0.2773078853942767,-1.458343003613727,0.0
1244,0.29104352264259553,-1.4543518039126881,0.0
1245,0.30475274636395583,-1.450228762274667,0.0
1246,0.31843424210503374,-1.445973911219259,0.0
1247,0.3320866913818888,-1.4415872967299992,0.0
1248,0.3457087718143033,-1.437068978382587,0.0
1249,0.35929915726324024,-1.4324190294722146,0.0
1250,0.37285651797143443,-1.4276375371399401,0.0
1251,0.3863795207071329,-1.4227246024980291,0.0
1252,0.39986682891099606,-1.4176803407541974,0.0
1253,0.41331710284617273,-1.4125048813346819,0.0
1254,0.4267289997515581,-1.4071983680060667,0.0
1255,0.44010117399824417,-1.4017609589957898,0.0
1256,0.45343227724916946,-1.3961928271112565,0.0
1257,0.46672095862197294,-1.3904941598574823,0.0
1258,0.47996586485505705,-1.3846651595531871,0.0
1259,0.49316564047686073,-1.3787060434452663,0.0
1260,0.5063189279783435,-1.3726170438215535,0.0
1261,0.5194243679886786,-1.3663984081218006,0.0
1262,0.5324805994541524,-1.3600503990467911,0.0
1263,0.5454862598202633,-1.3535732946655052,0.0
1264,0.5584399852170147,-1.3469673885202542,0.0
1265,0.571340410647391,-1.3402329897297012,0.0
1266,0.5841861701790066,-1.3333704230896843,0.0
1267,0.5969758971389129,-1.3263800291717562,0.0
1268,0.6097082243115484,-1.319262164419355,0.0
1269,0.622381784139815,-1.3120172012415217,0.0
1270,0.6349952089292581,-1.3046455281040767,0.0
1271,0.6475471310553295,-1.2971475496181686,0.0
1272,0.6600361831737088,-1.2895236866261066,0.0
1273,0.6724609984336547,-1.281774376284393,0.0
1274,0.6848202106943572,-1.2739000721438614,0.0
1275,0.6971124547442595,-1.2659012442268383,0.0
1276,0.7093363665233147,-1.2577783791012367,0.0
1277,0.7214905833481385,-1.249531979951494,0.0
1278,0.733573744140022,-1.2411625666462638,0.0
1279,0.7455844896557585,-1.232670675802779,0.0
1280,0.7575214627212428,-1.2240568608477886,0.0
1281,0.769383308467793,-1.2153216920749905,0.0
1282,0.7811686745711476,-1.2064657566988632,0.0
1283,0.7928762114930812,-1.1974896589048167,0.0
1284,0.8045045727255881,-1.1883940198955687,0.0
1285,0.816052415037571,-1.1791794779336655,0.0
1286,0.827518398723978,-1.1698466883800582,0.0
1287,0.8389011878573209,-1.1603963237286503,0.0
1288,0.8501994505415102,-1.1508290736367313,0.0
1289,0.8614118591679376,-1.1411456449512143,0.0
1290,0.8725370906737329,-1.131346761730594,0.0
1291,0.8835738268021216,-1.1214331652625436,0.0
1292,0.8945207543648057,-1.1114056140770716,0.0
1293,0.9053765655062859,-1.1012648839551564,0.0
1294,0.9161399579700442,-1.0910117679327838,0.0
1295,0.9268096353664996,-1.0806470763003102,0.0
1296,0.9373843074426493,-1.0701716365970764,0.0
1297,0.9478626903533027,-1.0595862936011986,0.0
1298,0.9582435069338161,-1.0488919093144649,0.0
1299,0.9685254869742299,-1.0380893629422696,0.0
1300,0.9787073674947094,-1.0271795508685149,0.0
1301,0.9887878930221883,-1.0161633866254152,0.0
1302,0.9987658158681079,-1.0050418008581417,0.0
1303,1.008639896407148,-0.9938157412842439,0.0
1304,1.0184089033568373,-0.9824861726477905,0.0
1305,1.028071614057934,-0.9710540766681717,0.0
1306,1.0376268147554575,-0.9595204519835095,0.0
1307,1.0470733008802606,-0.947886314088625,0.0
1308,1.056409877331019,-0.9361526952675118,0.0
1309,1.065635358756517,-0.9243206445202717,0.0
1310,1.0747485698381076,-0.9123912274844687,0.0
1311,1.0837483455722206,-0.900365526350859,0.0
1312,1.0926335315527906,-0.8882446397734644,0.0
1313,1.1014029842534765,-0.8760296827739503,0.0
1314,1.1100555713095406,-0.8637217866402808,0.0
1315,1.118590171799254,-0.851322098819621,0.0
1316,1.1270056765246927,-0.8388317828054654,0.0
1317,1.1353009882917917,-0.8262520180189691,0.0
1318,1.143475022189513,-0.8135839996844659,0.0
1319,1.1515267058679937,-0.8008289386991607,0.0
1320,1.1594549798155322,-0.7879880614969849,0.0
1321,1.167258797634268,-0.7750626099066105,0.0
1322,1.174937126314416,-0.7620538410036206,0.0
1323,1.1824889465069095,-0.7489630269568367,0.0
1324,1.1899132527943084,-0.7357914548688111,0.0
1325,1.197209053959825,-0.7225404266104922,0.0
1326,1.204375373254325,-0.7092112586500778,0.0
1327,1.211411248661154,-0.695805281876074,0.0
1328,1.218315733158644,-0.6823238414145825,0.0
1329,1.2250878949801558,-0.6687682964408411,0.0
1330,1.2317268178715024,-0.655140019985051,0.0
1331,1.238231601345617,-0.6414403987325222,0.0
1332,1.2446013609343103,-0.6276708328181795,0.0
1333,1.2508352284369748,-0.6138327356154697,0.0
1334,1.256932352166088,-0.5999275335197207,0.0
1335,1.2628918971893726,-0.585956665726002,0.0
1336,1.2687130455684639,-0.5719215840015446,0.0
1337,1.274394996593947,-0.5578237524527805,0.0
1338,1.2799369670166136,-0.5436646472870674,0.0
1339,1.2853381912748056,-0.5294457565691678,0.0
1340,1.2905979217176977,-0.5151685799725552,0.0
1341,1.295715428824386,-0.5008346285256272,0.0
1342,1.3006900014186409,-0.48644542435290666,0.0
1343,1.3055209468791946,-0.47200250041131736,0.0
1344,1.3102075913454245,-0.45750740022162456,0.0
1345,1.3147492799183047,-0.44296167759513627,0.0
1346,1.3191453768564962,-0.4283668963557626,0.0
1347,1.3233952657674477,-0.4137246300575369,0.0
1348,1.3274983497933852,-0.3990364616977055,0.0
1349,1.3314540517920668,-0.3843039834254959,0.0
1350,1.335261814512185,-0.36952879624667867,0.0
1351,1.3389211007633017,-0.35471250972404134,0.0
1352,1.3424313935802006,-0.33985674167389496,0.0
1353,1.3457921963815505,-0.32496311785874055,0.0
1354,1.3490030331227711,-0.3100332716762227,0.0
1355,1.3520634484430003,-0.2950688438445033,0.0
1356,1.3549730078060607,-0.2800714820841917,0.0
1357,1.3577312976353342,-0.2650428407969677,0.0
1358,1.3603379254424488,-0.24998458074104218,0.0
1359,1.362792519949692,-0.23489836870359734,0.0
1360,1.3650947312060664,-0.21978587717035564,0.0
1361,1.367244230696908,-0.204648783992427,0.0
1362,1.3692407114469898,-0.1894887720505869,0.0
1363,1.3710838881170428,-0.17430752891714077,0.0
1364,1.372773497093624,-0.15910674651553192,0.0
1365,1.3743092965722716,-0.14388812077785232,0.0
1366,1.3756910666338866,-0.12865335130041813,0.0
1367,1.3769186093142916,-0.11340414099757301,0.0
1368,1.3779917486669142,-0.09814219575388435,0.0
1369,1.378910330818552,-0.0828692240748989,0.0
1370,1.379674224018183,-0.06758693673662591,0.0
1371,1.3802833186787824,-0.05229704643391675,0.0
1372,1.3807375274121207,-0.03700126742791121,0.0
1373,1.381036785056515,-0.021701315192721823,0.0
1374,1.3811810486975176,-0.006398906061527737,0.0
1375,1.3811702976815234,0.008904243127749241,0.0
1376,1.3810045336222905,0.024206415387013708,0.0
1377,1.3806837804003655,0.039505893932637794,0.0
1378,1.3802080841554176,0.05480096254000123,0.0
1379,1.3795775132714843,0.07008990589775736,0.0
1380,1.3787921583551395,0.0853710099616523,0.0
1381,1.377852132206602,0.10064256230772502,0.0
1382,1.3767575697838,0.11590285248471653,0.0
1383,1.3755086281594224,0.1311501723655173,0.0
1384,1.374105486470983,0.14638281649748278,0.0
1385,1.3725483458639334,0.16159908245144816,0.0
1386,1.3708374294278673,0.17679727116927463,0.0
1387,1.368972982125858,0.19197568730976078,0.0
1388,1.366955270716979,0.20713263959275446,0.0
1389,1.3647845836720633,0.22226644114130223,0.0
1390,1.3624612310827584,0.2373754098216748,0.0
1391,1.3599855445639408,0.2524578685811098,0.0
1392,1.3573578771495591,0.26751214578311444,0.0
1393,1.3545786031819755,0.28253657554017386,0.0
1394,1.351648118194883,0.29752949804371254,0.0
1395,1.3485668387898784,0.31248925989115894,0.0
1396,1.3453352025067775,0.327414214409967,0.0
1397,1.3419536676877586,0.3423027219784496,0.0
1398,1.3384227133354278,0.3571531503432832,0.0
1399,1.3347428389649028,0.3719638749335459,0.0
1400,1.3309145644500129,0.3867332791711524,0.0
1401,1.326938429863723,0.4014597547775565,0.0
1402,1.3228149953128836,0.4161417020765906,0.0
1403,1.3185448407674185,0.43077753029331894,0.0
1404,1.3141285658840653,0.44536565784878246,0.0
1405,1.309566789824782,0.45990451265051824,0.0
1406,1.3048601510699418,0.47439253237873946,0.0
1407,1.3000093072264352,0.488828164768066,0.0
1408,1.2950149348308047,0.5032098678846995,0.0
1409,1.289877729147542,0.5175361103989407,0.0
1410,1.2845984039626719,0.5318053718529512,0.0
1411,1.2791776913727584,0.5460161429236656,0.0
1412,1.273616341569466,0.5601669256807643,0.0
1413,1.2679151226198082,0.5742562338396197,0.0
1414,1.262074820242228,0.5882825930091377,0.0
1415,1.2560962375786386,0.6022445409344134,0.0
1416,1.2499801949625753,0.6161406277341309,0.0
1417,1.2437275296835926,0.6299694161326369,0.0
1418,1.2373390957480532,0.6437294816866245,0.0
1419,1.2308157636364514,0.6574194130063667,0.0
1420,1.2241584200574154,0.671037811971445,0.0
1421,1.2173679676985352,0.6845832939409191,0.0
1422,1.2104453249741598,0.6980544879578948,0.0
1423,1.203391425770314,0.7114500369484427,0.0
1424,1.1962072191868762,0.7247685979148328,0.0
1425,1.1888936692771703,0.7380088421230496,0.0
1426,1.1814517547851136,0.7511694552845567,0.0
1427,1.1738824688800702,0.7642491377322872,0.0
1428,1.166186818889556,0.7772466045908373,0.0
1429,1.1583658260299425,0.7901605859408455,0.0
1430,1.1504205251353028,0.8029898269775446,0.0
1431,1.1423519643845474,0.8157330881634779,0.0
1432,1.1341612050269934,0.8283891453753727,0.0
1433,1.1258493211065104,0.8409567900451715,0.0
1434,1.1174173991843872,0.8534348292952237,0.0
1435,1.1088665380610574,0.865822086067642,0.0
1436,1.1001978484968284,0.878117399247837,0.0
1437,1.091412452931751,0.8903196237822414,0.0
1438,1.082511485204766,0.9024276307902426,0.0
1439,1.0734960902722648,0.9144403076703448,0.0
1440,1.0643674239262018,0.9263565582005848,0.0
1441,1.0551266525118845,0.93817530263323,0.0
1442,1.0457749526455793,0.9498954777837889,0.0
1443,1.0363135109320565,0.9615160371143705,0.0
1444,1.0267435236822073,0.9730359508114286,0.0
1445,1.0170661966308523,0.9844542058579322,0.0
1446,1.0072827446548687,0.9957698061000063,0.0
1447,0.9973943914917555,1.0069817723080887,0.0
1448,0.9874023694587551,1.018089142232653,0.0
1449,0.9773079191726488,1.0290909706545497,0.0
1450,0.9671122892703385,1.0399863294300187,0.0
1451,0.956816736130328,1.0507743075304325,0.0
1452,0.946422523595212,1.0614540110768287,0.0
1453,0.9359309226952796,1.0720245633692917,0.0
1454,0.9253432113733364,1.0824851049112505,0.0
1455,0.9146606742108468,1.0928347934287574,0.0
1456,0.9038846021554952,1.1030728038848152,0.0
1457,0.8930162922502619,1.1131983284888234,0.0
1458,0.8820570473641087,1.1232105767012153,0.0
1459,0.8710081759243633,1.1331087752333586,0.0
1460,0.8598709916508911,1.1428921680427966,0.0
1461,0.8486468132921403,1.1525600163239036,0.0
1462,0.837336964363143,1.1621115984940358,0.0
1463,0.8259427728855503,1.171546210175254,0.0
1464,0.8144655711297815,1.180863164171701,0.0
1465,0.8029066953593581,1.1900617904427124,0.0
1466,0.7912674855774979,1.1991414360717496,0.0
1467,0.7795492852760346,1.2081014652312303,0.0
1468,0.7677534411867306,1.2169412591433468,0.0
1469,0.755881303035046,1.2256602160369572,0.0
1470,0.7439342232964239,1.2342577511006316,0.0
1471,0.7319135569551503,1.2427332964319449,0.0
1472,0.719820661265842,1.2510863009830981,0.0
1473,0.7076568955176172,1.2593162305029606,0.0
1474,0.6954236208009965,1.2674225674756177,0.0
1475,0.6831221997775814,1.275404811055512,0.0
1476,0.6707539964525561,1.2832624769992695,0.0
1477,0.6583203759500523,1.2909950975942954,0.0
1478,0.6458227042914174,1.2986022215842299,0.0
1479,0.6332623481764222,1.3060834140913518,0.0
1480,0.6206406747674426,1.31343825653602,0.0
1481,0.6079590514766456,1.320666346553238,0.0
1482,0.5952188457562115,1.3277672979064303,0.0
1483,0.582421424891615,1.3347407403985214,0.0
1484,0.5695681557979935,1.3415863197804003,0.0
1485,0.5566604048196221,1.3483036976568592,0.0
1486,0.5436995375325162,1.3548925513900936,0.0
1487,0.5306869185501791,1.361352574000849,0.0
1488,0.5176239113325092,1.367683474067298,0.0
1489,0.5045118779978807,1.3738849756217357,0.0
1490,0.4913521791384094,1.3799568180451736,0.0
1491,0.478146173638411,1.3858987559599187,0.0
1492,0.46489521849606014,1.3917105591202181,0.0
1493,0.4516006686482549,1.3973920123010501,0.0
1494,0.4382638767986899,1.4029429151851471,0.0
1495,0.42488619324913907,1.4083630822483233,0.0
1496,0.4114689657339476,1.4136523426431924,0.0
1497,0.39801353925773086,1.4188105400813493,0.0
1498,0.384521255936276,1.4238375327140969,0.0
1499,0.37099345484064056,1.4287331930117875,0.0
1500,0.3574314718444409,1.4334974076418623,0.0
1501,0.34383663947432114,1.4381300773456545,0.0
1502,0.3302102867635926,1.4426311168140356,0.0
1503,0.3165537391090312,1.4470004545619715,0.0
1504,0.3028683181308202,1.4512380328020635,0.0
1505,0.2891553415356229,1.4553438073171387,0.0
1506,0.27541612298276946,1.4593177473319625,0.0
1507,0.2616519719535406,1.4631598353841364,0.0
1508,0.24786419362352946,1.4668700671942503,0.0
1509,0.23405408873806183,1.470448451535351,0.0
1510,0.22022295349065402,1.4738950101017927,0.0
1511,0.20637207940448615,1.477209777377528,0.0
1512,0.19250275321686797,1.4803928005039046,0.0
1513,0.1786162567666732,1.4834441391470259,0.0
1514,0.16471386688471737,1.4863638653647298,0.0
1515,0.1507968552870531,1.4891520634732487,0.0
1516,0.13686648847115648,1.4918088299136032,0.0
1517,0.12292402761497649,1.4943342731177833,0.0
1518,0.10897072847881943,1.4967285133747736,0.0
1519,0.09500784131003923,1.498991682696471,0.0
1520,0.08103661075050371,1.5011239246835466,0.0
1521,0.06705827574680656,1.503125394391302,0.0
1522,0.05307406946319379,1.504996258195569,0.0
1523,0.03908521919717314,1.5067366936586946,0.0
1524,0.025092946297774334,1.508346889395665,0.0
1525,0.011098466086427297,1.5098270449404052,0.0
1526,-0.0028970122195744997,1.5111773706123008,0.0
1527,-0.016892285581059388,1.5123980873829863,0.0
1528,-0.030886157208445342,1.513489426743435,0.0
1529,-0.04487743663072468,1.5144516305713935,0.0
1530,-0.05886493976200026,1.5152849509992008,0.0
1531,-0.07284748896560808,1.5159896502820231,0.0
1532,-0.08682391311586156,1.5165660006665465,0.0
1533,-0.10079304765745285,1.5170142842601588,0.0
1534,-0.11475373466254683,1.517334792900655,0.0
1535,-0.12870482288560364,1.517527828026498,0.0
1536,-0.1426451678159657,1.5175937005476672,0.0
1537,-0.1565736317282453,1.5175327307171245,0.0
1538,-0.17048908373054877,1.5173452480029268,0.0
1539,-0.184390399810574,1.5170315909610133,0.0
1540,-0.19827646287961675,1.5165921071086932,0.0
1541,-0.2121461628145228,1.5160271527988622,0.0
1542,-0.22599839649762207,1.5153370930949706,0.0
1543,-0.23983206785468064,1.514522301646767,0.0
1544,-0.2536460878909075,1.5135831605668428,0.0
1545,-0.26743937472505147,1.512520060307995,0.0
1546,-0.2812108536216252,1.5113333995414322,0.0
1547,-0.2949594570212915,1.5100235850358432,0.0
1548,-0.30868412456944855,1.508591031537344,0.0
1549,-0.32238380314304865,1.5070361616503258,0.0
1550,-0.3360574468756877,1.5053594057192174,0.0
1551,-0.349704017180999,1.503561201711181,0.0
1552,-0.36332248277438794,1.501641995099756,0.0
1553,-0.376911819693142,1.4996022387494634,0.0
1554,-0.3904710113149507,1.4974423928013902,0.0
1555,-0.40399904837487044,1.4951629245597589,0.0
1556,-0.4174949289807684,1.4927643083795006,0.0
1557,-0.4309576586272795,1.4902470255548417,0.0
1558,-0.44438625020831024,1.487611564208913,0.0
1559,-0.4577797240281227,1.4848584191843917,0.0
1560,-0.4711371078110328,1.4819880919351884,0.0
1561,-0.4844574367097543,1.479001090419184,0.0
1562,-0.4977397533124227,1.4758979289920247,0.0
1563,-0.5109831076483304,1.4726791283019858,0.0
1564,-0.5241865571924051,1.469345215185906,0.0
1565,-0.5373491668684638,1.4658967225662023,0.0
1566,-0.5504700090512732,1.4623341893489665,0.0
1567,-0.5635481635674475,1.4586581603231537,0.0
1568,-0.5765827176952144,1.4548691860608596,0.0
1569,-0.5895727661630796,1.4509678228186975,0.0
1570,-0.6025174111474197,1.4469546324402722,0.0
1571,-0.6154157622690328,1.4428301822597565,0.0
1572,-0.6282669365886767,1.4385950450065712,0.0
1573,-0.6410700586016229,1.4342497987111698,0.0
1574,-0.6538242602312551,1.4297950266119286,0.0
1575,-0.6665286808217399,1.425231317063144,0.0
1576,-0.6791824671297988,1.420559263444136,0.0
1577,-0.6917847733156066,1.4157794640694557,0.0
1578,-0.704334760932845,1.4108925221001998,0.0
1579,-0.7168315989179372,1.405899045456428,0.0
1580,-0.7292744635784907,1.400799646730682,0.0
1581,-0.741662538580971,1.3955949431026038,0.0
1582,-0.7539950149376364,1.3902855562546512,0.0
1583,-0.7662710909927548,1.3848721122889096,0.0
1584,-0.7784899724081289,1.3793552416449915,0.0
1585,-0.7906508721479544,1.373735579019027,0.0
1586,-0.802753010463034,1.368013763283736,0.0
1587,-0.814795614874372,1.3621904374095795,0.0
1588,-0.8267779201561702,1.3562662483869887,0.0
1589,-0.8386991683182514,1.3502418471496613,0.0
1590,-0.8505586085879296,1.3441178884989242,0.0
1591,-0.8623554973913508,1.3378950310291569,0.0
1592,-0.8740890983343245,1.331573937054268,0.0
1593,-0.8857586821826693,1.325155272535221,0.0
1594,-0.8973635268420909,1.3186397070086011,0.0
1595,-0.9089029173376144,1.3120279135162212,0.0
1596,-0.9203761457925913,1.3053205685357536,0.0
1597,-0.9317825114072997,1.2985183519123875,0.0
1598,-0.9431213204371584,1.2916219467915013,0.0
1599,-0.9543918861705726,1.2846320395523445,0.0
1600,-0.9655935289064311,1.27754931974272,0.0
1601,-0.9767255759312725,1.2703744800146621,0.0
1602,-0.9877873614961387,1.2631082160611005,0.0
1603,-0.9987782267931326,1.2557512265535022,0.0
1604,-1.009697519931699,1.2483042130804856,0.0
1605,-1.0205445959146442,1.2407678800873974,0.0
1606,-1.0313188166139093,1.2331429348168432,0.0
1607,-1.0420195507461185,1.2254300872501662,0.0
1608,-1.052646173847913,1.2176300500498616,0.0
1609,-1.0631980682510884,1.2097435385029225,0.0
1610,-1.0736746230575522,1.2017712704651062,0.0
1611,-1.0840752341141127,1.1937139663061123,0.0
1612,-1.094399303987118,1.1855723488556638,0.0
1613,-1.1046462419369576,1.177347143350484,0.0
1614,-1.1148154638924384,1.169039077382158,0.0
1615,-1.1249063924250549,1.1606488808458701,0.0
1616,-1.1349184567231594,1.1521772858900112,0.0
1617,-1.1448510925660522,1.1436250268666406,0.0
1618,-1.1547037422979998,1.1349928402827998,0.0
1619,-1.1644758548021958,1.1262814647526658,0.0
1620,-1.174166885474678,1.1174916409505333,0.0
1621,-1.1837762961982103,1.10862411156462,0.0
1622,-1.1933035553161448,1.0996796212516815,0.0
1623,-1.202748137606273,1.0906589165924312,0.0
1624,-1.2121095242546778,1.081562746047751,0.0
1625,-1.2213872028295991,1.0723918599156863,0.0
1626,-1.230580667255322,1.0631470102892153,0.0
1627,-1.2396894177860969,1.0538289510147825,0.0
1628,-1.2487129609801053,1.0444384376515863,0.0
1629,-1.257650809673478,1.0349762274316145,0.0
1630,-1.2665024829543767,1.0254430792204134,0.0
1631,-1.2752675061371492,1.0158397534785848,0.0
1632,-1.2839454107365655,1.0061670122239996,0.0
1633,-1.2925357344421464,0.9964256189947185,0.0
1634,-1.3010380210925907,0.9866163388126112,0.0
1635,-1.3094518206503125,0.9767399381476645,0.0
1636,-1.3177766891760945,0.9667971848829677,0.0
1637,-1.3260121888038667,0.9567888482803701,0.0
1638,-1.3341578877156188,0.9467156989467965,0.0
1639,-1.342213360116452,0.9365785088012143,0.0
1640,-1.3501781862097824,0.9263780510422418,0.0
1641,-1.3580519521726966,0.9161151001163884,0.0
1642,-1.3658342501314733,0.9057904316869173,0.0
1643,-1.3735246781372745,0.8954048226033219,0.0
1644,-1.3811228401420121,0.8849590508714053,0.0
1645,-1.3886283459744002,0.8744538956239554,0.0
1646,-1.3960408113161964,0.8638901370920046,0.0
1647,-1.4033598576786401,0.8532685565766667,0.0
1648,-1.4105851123790927,0.8425899364215399,0.0
1649,-1.4177162085178874,0.8318550599856686,0.0
1650,-1.4247527849553918,0.8210647116170533,0.0
1651,-1.4316944862892926,0.8102196766267014,0.0
1652,-1.4385409628321035,0.7993207412632073,0.0
1653,-1.445291870588906,0.7883686926878559,0.0
1654,-1.4519468712353252,0.7773643189502379,0.0
1655,-1.458505632095747,0.7663084089643692,0.0
1656,-1.4649678261217811,0.7552017524853061,0.0
1657,-1.471333131870975,0.7440451400862462,0.0
1658,-1.477601233485784,0.7328393631361071,0.0
1659,-1.4837718206728,0.7215852137775739,0.0
1660,-1.489844588682245,0.7102834849056069,0.0
1661,-1.4958192382877344,0.6989349701464006,0.0
1662,-1.5016954757663112,0.6875404638367862,0.0
1663,-1.5074730128787583,0.6761007610040678,0.0
1664,-1.5131515668501903,0.6646166573462847,0.0
1665,-1.5187308603509306,0.6530889492128914,0.0
1666,-1.5242106214776758,0.6415184335858464,0.0
1667,-1.5295905837349526,0.6299059080611015,0.0
1668,-1.534870486016868,0.6182521708304836,0.0
1669,-1.54005007258916,0.6065580206639604,0.0
1670,-1.5451290930715478,0.5948242568922821,0.0
1671,-1.5501073024203884,0.5830516793899909,0.0
1672,-1.5549844609116397,0.5712410885587889,0.0
1673,-1.5597603341241348,0.5593932853112582,0.0
1674,-1.5644346929231696,0.5475090710549249,0.0
1675,-1.5690073134444065,0.5355892476766568,0.0
1676,-1.5734779770780976,0.5236346175273897,0.0
1677,-1.5778464704536284,0.5116459834071724,0.0
1678,-1.582112585424386,0.4996241485505233,0.0
1679,-1.5862761190529537,0.4875699166120909,0.0
1680,-1.5903368735966332,0.47548409165260963,0.0
1681,-1.5942946564932998,0.463367478125144,0.0
1682,-1.5981492803475883,0.451220880861613,0.0
1683,-1.6019005629174152,0.43904510505958705,0.0
1684,-1.605548327100838,0.42684095626935,0.0
1685,-1.609092400923253,0.41460924038121827,0.0
1686,-1.612532617524935,0.40235076361311,0.0
1687,-1.6158688151489182,0.3900663324983561,0.0
1688,-1.6191008371292224,0.37775675387374613,0.0
1689,-1.6222285318794254,0.3654228348678015,0.0
1690,-1.6252517528815835,0.35306538288926825,0.0
1691,-1.6281703586754992,0.340685205615822,0.0
1692,-1.6309842128483414,0.3282831109829785,0.0
1693,-1.6336931840246172,0.31585990717320117,0.0
1694,-1.6362971458564972,0.303416402605199,0.0
1695,-1.6387959770144944,0.2909534059234078,0.0
1696,-1.6411895611785006,0.27847172598764713,0.0
1697,-1.6434777870291781,0.26597217186294525,0.0
1698,-1.645660548239712,0.25345555280952586,0.0
1699,-1.6477377434679183,0.24092267827294894,0.0
1700,-1.649709276348716,0.2283743578743981,0.0
1701,-1.6515750554869573,0.2158114014011083,0.0
1702,-1.6533349944506217,0.2032346187969257,0.0
1703,-1.6549890117643724,0.19064482015299358,0.0
1704,-1.6565370309034761,0.17804281569855654,0.0
1705,-1.6579789802880878,0.16542941579187606,0.0
1706,-1.6593147932779007,0.15280543091125082,0.0
1707,-1.6605444081671614,0.14017167164613406,0.0
1708,-1.6616677681800527,0.12752894868834155,0.0
1709,-1.662684821466442,0.11487807282334289,0.0
1710,-1.6635955210979982,0.10221985492162927,0.0
1711,-1.6643998250646754,0.0895551059301506,0.0
1712,-1.6650976962715665,0.07688463686381529,0.0
1713,-1.6656891025361242,0.06420925879704541,0.0
1714,-1.6661740165857526,0.05152978285538061,0.0
1715,-1.6665524160557663,0.03884702020712371,0.0
1716,-1.6668242834877205,0.02616178205502101,0.0
1717,-1.6669896063281096,0.013474879627970516,0.0
1718,-1.6670483769274382,0.000787124172751081,0.0
1719,-1.6670005925396594,-0.011900673054234387,0.0
1720,-1.6668462553219845,-0.024587700795208584,0.0
1721,-1.6665853723350634,-0.03727314779926925,0.0
1722,-1.6662179555435335,-0.04995620283064524,0.0
1723,-1.6657440218169408,-0.06263605467696622,0.0
1724,-1.6651635929310291,-0.0753118921575528,0.0
1725,-1.6644766955694004,-0.08798290413173407,0.0
1726,-1.6636833613255437,-0.10064827950719946,0.0
1727,-1.6627836267052345,-0.11330720724839176,0.0
1728,-1.661777533129302,-0.12595887638494838,0.0
1729,-1.6606651269367674,-0.13860247602019768,0.0
1730,-1.659446459388347,-0.15123719533971725,0.0
1731,-1.6581215866703267,-0.16386222361996125,0.0
1732,-1.6566905698988026,-0.1764767502369637,0.0
1733,-1.6551534751242887,-0.18907996467512464,0.0
1734,-1.6535103733366912,-0.20167105653608636,0.0
1735,-1.6517613404706486,-0.21424921554770635,0.0
1736,-1.6499064574112374,-0.2268136315731343,0.0
1737,-1.6479458100000417,-0.23936349462000023,0.0
1738,-1.6458794890415875,-0.2518979948497203,0.0
1739,-1.6437075903101392,-0.2644163225869282,0.0
1740,-1.6414302145568587,-0.27691766832903836,0.0
1741,-1.639047467517326,-0.28940122275594865,0.0
1742,-1.6365594599194198,-0.3018661767398897,0.0
1743,-1.6339663074915565,-0.31431172135542745,0.0
1744,-1.6312681309712904,-0.326737047889627,0.0
1745,-1.6284650561142677,-0.33914134785238415,0.0
1746,-1.6255572137035386,-0.35152381298693236,0.0
1747,-1.6225447395592236,-0.36388363528053197,0.0
1748,-1.619427774548533,-0.37622000697534985,0.0
1749,-1.6162064645961398,-0.38853212057953534,0.0
1750,-1.6128809606949022,-0.4008191688785015,0.0
1751,-1.609451418916935,-0.4130803449464176,0.0
1752,-1.6059180004250315,-0.4253148421579213,0.0
1753,-1.6022808714844279,-0.4375218542000573,0.0
1754,-1.5985402034749154,-0.44970057508445027,0.0
1755,-1.594696172903294,-0.4618501991597197,0.0
1756,-1.5907489614161667,-0.4739699211241437,0.0
1757,-1.5866987558130743,-0.48605893603857975,0.0
1758,-1.5825457480599665,-0.49811643933965,0.0
1759,-1.5782901353030094,-0.5101416268531987,0.0
1760,-1.573932119882725,-0.5221336948080295,0.0
1761,-1.5694719093484621,-0.5340918398499296,0.0
1762,-1.564909716473197,-0.5460152590559904,0.0
1763,-1.5602457592686605,-0.5579031499492306,0.0
1764,-1.5554802610007872,-0.5697547105135302,0.0
1765,-1.5506134502054896,-0.5815691392088836,0.0
1766,-1.545645560704749,-0.5933456349869796,0.0
1767,-1.5405768316230244,-0.6050833973071156,0.0
1768,-1.5354075074039732,-0.6167816261524558,0.0
1769,-1.5301378378274857,-0.6284395220466388,0.0
1770,-1.5247680780270247,-0.6400562860707453,0.0
1771,-1.5192984885072724,-0.6516311198806324,0.0
1772,-1.5137293351620777,-0.6631632257246436,0.0
1773,-1.508060889292703,-0.6746518064617015,0.0
1774,-1.5022934276263658,-0.6860960655797937,0.0
1775,-1.4964272323350725,-0.6974952072148572,0.0
1776,-1.4904625910547409,-0.708848436170073,0.0
1777,-1.4843997969046068,-0.7201549579355763,0.0
1778,-1.4782391485069117,-0.7314139787085929,0.0
1779,-1.4719809500068686,-0.7426247054140095,0.0
1780,-1.465625511092899,-0.7537863457253854,0.0
1781,-1.4591731470171407,-0.7648981080864168,0.0
1782,-1.4526241786162195,-0.7759592017328599,0.0
1783,-1.445978932332281,-0.7869688367149222,0.0
1784,-1.4392377402342795,-0.7979262239201317,0.0
1785,-1.4324009400395175,-0.8088305750966908,0.0
1786,-1.4254688751354303,-0.8196811028773261,0.0
1787,-1.4184418946016148,-0.8304770208036407,0.0
1788,-1.4113203532320933,-0.84121754335098,0.0
1789,-1.4041046115578082,-0.8519018859538172,0.0
1790,-1.3967950358693444,-0.8625292650316714,0.0
1791,-1.389391998239871,-0.8730988980155627,0.0
1792,-1.381895876548298,-0.8836100033750176,0.0
1793,-1.3743070545026428,-0.8940618006456308,0.0
1794,-1.3666259216635983,-0.9044535104571939,0.0
1795,-1.3588528734683,-0.9147843545624003,0.0
1796,-1.3509883112542829,-0.9250535558661342,0.0
1797,-1.3430326422836218,-0.9352603384553554,0.0
1798,-1.334986279767251,-0.9454039276295854,0.0
1799,-1.3268496428894523,-0.9554835499320083,0.0
1800,-1.31862315683251,-0.9654984331811933,0.0
1801,-1.3103072528015198,-0.9754478065034476,0.0
1802,-1.3019023680493478,-0.985330900365812,0.0
1803,-1.2934089459017315,-0.9951469466097048,0.0
1804,-1.2848274357825142,-1.0048951784852274,0.0
1805,-1.2761582932390056,-1.0145748306861373,0.0
1806,-1.2674019799674596,-1.024185139385501,0.0
1807,-1.258558963838662,-1.033725342272034,0.0
1808,-1.2496297189236194,-1.0431946785871395,0.0
1809,-1.2406147255193378,-1.0525923891626525,0.0
1810,-1.231514470174687,-1.0619177164593023,0.0
1811,-1.2223294457163365,-1.0711699046059007,0.0
1812,-1.2130601512747567,-1.0803481994392645,0.0
1813,-1.203707092310274,-1.0894518485448845,0.0
1814,-1.1942707806391697,-1.0984801012983492,0.0
1815,-1.1847517344598144,-1.1074322089075315,0.0
1816,-1.1751504783788258,-1.1163074244555502,0.0
1817,-1.1654675434372388,-1.1251050029445144,0.0
1818,-1.1557034671366786,-1.1338242013400606,0.0
1819,-1.1458587934655247,-1.14246427861669,0.0
1820,-1.1359340729250536,-1.151024495803921,0.0
1821,-1.1259298625555496,-1.159504116033259,0.0
1822,-1.115846725962372,-1.167902404585998,0.0
1823,-1.1056852333419647,-1.1762186289418615,0.0
1824,-1.0954459615077965,-1.1844520588284924,0.0
1825,-1.0851294939162206,-1.1926019662718002,0.0
1826,-1.0747364206922378,-1.200667625647176,0.0
1827,-1.064267338655152,-1.2086483137315835,0.0
1828,-1.0537228513441028,-1.2165433097565352,0.0
1829,-1.0431035690434616,-1.2243518954619625,0.0
1830,-1.0324101088080773,-1.23207335515099,0.0
1831,-1.0216430944883572,-1.2397069757456205,0.0
1832,-1.0108031567551676,-1.2472520468433426,0.0
1833,-0.9998909331245371,-1.2547078607746645,0.0
1834,-0.9889070679821514,-1.2620737126615889,0.0
1835,-0.9778522126076195,-1.2693489004770317,0.0
1836,-0.9667270251984964,-1.2765327251051974,0.0
1837,-0.9555321708940477,-1.283624490402915,0.0
1838,-0.9442683217987357,-1.2906235032619469,0.0
1839,-0.9329361570054115,-1.2975290736722744,0.0
1840,-0.9215363626181976,-1.304340514786372,0.0
1841,-0.9100696317750381,-1.3110571429844735,0.0
1842,-0.8985366646699035,-1.3176782779408416,0.0
1843,-0.8869381685746274,-1.3242032426910453,0.0
1844,-0.8752748578603591,-1.3306313637002534,0.0
1845,-0.8635474540186101,-1.3369619709325513,0.0
1846,-0.851756685681877,-1.3431943979212875,0.0
1847,-0.8399032886438196,-1.3493279818404553,0.0
1848,-0.8279880058789734,-1.3553620635771184,0.0
1849,-0.8160115875619773,-1.3612959878048843,0.0
1850,-0.8039747910862934,-1.3671291030584314,0.0
1851,-0.7918783810823982,-1.372860761809098,0.0
1852,-0.7797231294354233,-1.3784903205415349,0.0
1853,-0.7675098153022237,-1.3840171398314294,0.0
1854,-0.7552392251278498,-1.389440584424304,0.0
1855,-0.7429121526614008,-1.3947600233153954,0.0
1856,-0.7305293989712364,-1.3999748298306172,0.0
1857,-0.718091772459522,-1.4050843817086103,0.0
1858,-0.7056000888760839,-1.4100880611838849,0.0
1859,-0.6930551713315494,-1.4149852550710575,0.0
1860,-0.6804578503097466,-1.4197753548501848,0.0
1861,-0.6678089636793402,-1.4244577567531984,0.0
1862,-0.6551093567046747,-1.429031861851441,0.0
1863,-0.6423598820558017,-1.4334970761443075,0.0
1864,-0.6295613998176618,-1.43785281064899,0.0
1865,-0.6167147774983971,-1.4420984814913311,0.0
1866,-0.6038208900367651,-1.4462335099977814,0.0
1867,-0.5908806198086268,-1.450257322788467,0.0
1868,-0.5778948566324813,-1.4541693518713608,0.0
1869,-0.5648644977740173,-1.4579690347375598,0.0
1870,-0.5517904479496539,-1.4616558144576683,0.0
1871,-0.5386736193290418,-1.4652291397792814,0.0
1872,-0.525514931536493,-1.4686884652255694,0.0
1873,-0.5123153116513123,-1.4720332511949596,0.0
1874,-0.4990756942069973,-1.4752629640619104,0.0
1875,-0.4857970211892788,-1.4783770762787762,0.0
1876,-0.4724802420329686,-1.481375066478757,0.0
1877,-0.4591263136175847,-1.4842564195799268,0.0
1878,-0.4457362002617215,-1.4870206268903359,0.0
1879,-0.4323108737161337,-1.489667186214182,0.0
1880,-0.41885131315550056,-1.4921956019590397,0.0
1881,-0.405358505168839,-1.4946053852441439,0.0
1882,-0.3918334437485318,-1.4968960540097158,0.0
1883,-0.3782771302779383,-1.499067133127325,0.0
1884,-0.3646905735175536,-1.5011181545112753,0.0
1885,-0.35107478958968213,-1.5030486572310051,0.0
1886,-0.3374308019615932,-1.5048581876244922,0.0
1887,-0.3237596414271218,-1.5065462994126462,0.0
1888,-0.3100623460866824,-1.508112553814681,0.0
1889,-0.29633996132565904,-1.5095565196644505,0.0
1890,-0.28259353979113816,-1.510877773527735,0.0
1891,-0.26882414136694815,-1.5120758998204589,0.0
1892,-0.2550328331469706,-1.5131504909278288,0.0
1893,-0.2412206894066873,-1.5141011473243702,0.0
1894,-0.22738879157292774,-1.5149274776948483,0.0
1895,-0.21353822819178075,-1.515629099056051,0.0
1896,-0.1996700948946349,-1.5162056368794168,0.0
1897,-0.18578549436231076,-1.5166567252144838,0.0
1898,-0.17188553628724967,-1.5169820068131419,0.0
1899,-0.15797133733372207,-1.5171811332546605,0.0
1900,-0.1440440210960195,-1.5172537650714737,0.0
1901,-0.13010471805459395,-1.5171995718756917,0.0
1902,-0.11615456553010792,-1.517018232486319,0.0
1903,-0.1021947076353592,-1.5167094350571475,0.0
1904,-0.08822629522504394,-1.5162728772052991,0.0
1905,-0.07425048584332185,-1.5157082661403882,0.0
1906,-0.06026844366914744,-1.5150153187942739,0.0
1907,-0.04628133945933127,-1.5141937619513701,0.0
1908,-0.03229035048929545,-1.513243332379483,0.0
1909,-0.018296660491487572,-1.51216377696114,0.0
1910,-0.004301459591417809,-1.510954852825377,0.0
1911,0.009694055758716246,-1.5096163274799475,0.0
1912,0.023688682848851846,-1.508147978943917,0.0
1913,0.037681212782365185,-1.5065495958806054,0.0
1914,0.0516704305498917,-1.5048209777308348,0.0
1915,0.06565511510569651,-1.5029619348464456,0.0
1916,0.07963403944662864,-1.500972288624037,0.0
1917,0.09360597069369224,-1.498851871638891,0.0
1918,0.10756967017626744,-1.4966005277790315,0.0
1919,0.12152389351901306,-1.4942181123793787,0.0
1920,0.13546739073148292,-1.4917044923559457,0.0
1921,0.14939890630048683,-1.4890595463400351,0.0
1922,0.16331717928522668,-1.4862831648123818,0.0
1923,0.1772209434152376,-1.483375250237194,0.0
1924,0.19110892719116318,-1.4803357171960392,0.0
1925,0.2049798539883934,-1.4771644925215235,0.0
1926,0.21883244216359266,-1.4738615154307073,0.0
1927,0.23266540516414466,-1.4704267376582048,0.0
1928,0.24647745164054075,-1.466860123588908,0.0
1929,0.26026728556173573,-1.4631616503902778,0.0
1930,0.2740336063334963,-1.4593313081441426,0.0
1931,0.2877751089197645,-1.455369099977944,0.0
1932,0.3014904839670583,-1.4512750421953666,0.0
1933,0.31517841793193113,-1.44704916440629,0.0
1934,0.3288375932115089,-1.4426915096559978,0.0
1935,0.3424666882771241,-1.438202134553577,0.0
1936,0.35606437781106426,-1.4335811093994424,0.0
1937,0.3696293328464507,-1.4288285183119174,0.0
1938,0.3831602209102629,-1.4239444593528006,0.0
1939,0.39665570616952084,-1.4189290446518505,0.0
1940,0.4101144495806389,-1.4137824005301127,0.0
1941,0.42353510904196096,-1.4085046676220212,0.0
1942,0.43691633954948517,-1.403096000996196,0.0
1943,0.4502567933557878,-1.3975565702748654,0.0
1944,0.46355512013214956,-1.3918865597518346,0.0
1945,0.47680996713389096,-1.3860861685089243,0.0
1946,0.490019979368917,-1.3801556105308022,0.0
1947,0.5031837997694739,-1.3740951148181264,0.0
1948,0.5163000693671147,-1.367904925498924,0.0
1949,0.5293674274708726,-1.3615853019381197,0.0
1950,0.5423845118486366,-1.3551365188451374,0.0
1951,0.5553499589117208,-1.3485588663794896,0.0
1952,0.568262403902622,-1.3418526502542703,0.0
1953,0.5811204810859507,-1.3350181918374708,0.0
1954,0.5939228239425263,-1.3280558282510322,0.0
1955,0.6066680653666172,-1.3209659124675475,0.0
1956,0.6193548378663131,-1.3137488134045303,0.0
1957,0.6319817737670047,-1.3064049160161628,0.0
1958,0.644547505417954,-1.2989346213824344,0.0
1959,0.6570506654019271,-1.2913383467955863,0.0
1960,0.6694898867478646,-1.2836165258437733,0.0
1961,0.6818638031465601,-1.275769608491854,0.0
1962,0.6941710491693169,-1.267798061159223,0.0
1963,0.7064102604895456,-1.2597023667945961,0.0
1964,0.7185800741072694,-1.2514830249476576,0.0
1965,0.7306791285764979,-1.2431405518374865,0.0
1966,0.7427060642354243,-1.2346754804176672,0.0
1967,0.7546595234394075,-1.2260883604380015,0.0
1968,0.7665381507966869,-1.2173797585027302,0.0
1969,0.7783405934067841,-1.2085502581251768,0.0
1970,0.7900655011015374,-1.1996004597787302,0.0
1971,0.8017115266887158,-1.1905309809440707,0.0
1972,0.8132773261981531,-1.181342456152562,0.0
1973,0.8247615591303434,-1.1720355370257167,0.0
1974,0.8361628887074346,-1.1626108923106522,0.0
1975,0.8474799821265531,-1.1530692079114528,0.0
1976,0.8587115108153924,-1.1434111869163541,0.0
1977,0.8698561506899942,-1.133637549620666,0.0
1978,0.8809125824146462,-1.123749033545353,0.0
1979,0.8918794916638217,-1.1137463934511918,0.0
1980,0.902755569386081,-1.1036304013484257,0.0
1981,0.9135395120698502,-1.0934018465018387,0.0
1982,0.9242300220109947,-1.083061535431172,0.0
1983,0.9348258075820985,-1.0726102919068072,0.0
1984,0.945325583503358,-1.0620489569406446,0.0
1985,0.9557280711149974,-1.0513783887721013,0.0
1986,0.9660319986511096,-1.040599462849163,0.0
1987,0.9762361015148248,-1.0297130718044183,0.0
1988,0.986339122554703,-1.0187201254260099,0.0
1989,0.9963398123422492,-1.0076215506234398,0.0
1990,1.006236929450443,-0.9964182913881653,0.0
1991,1.0160292407331741,-0.9851113087489265,0.0
1992,1.0257155216054725,-0.9737015807217486,0.0
1993,1.0352945563244191,-0.9621901022545627,0.0
1994,1.0447651382706207,-0.950577885166395,0.0
1995,1.0541260702301305,-0.9388659580810732,0.0
1996,1.0633761646766935,-0.9270553663554045,0.0
1997,1.0725142440541944,-0.9151471720017802,0.0
1998,1.081539141059181,-0.9031424536051665,0.0
1999,1.090449698923339,-0.8910423062344447,0.0
2000,1.0992447716957858,-0.8788478413480634,0.0
2001,1.1079232245250552,-0.8665601866939743,0.0
2002,1.116483933940638,-0.8541804862038211,0.0
2003,1.1249257881339454,-0.8417098998813577,0.0
2004,1.1332476872385586,-0.8291496036850737,0.0
2005,1.141448543609628,-0.8165007894050105,0.0
2006,1.1495272821022804,-0.803764664533752,0.0
2007,1.1574828403488977,-0.790942452131582,0.0
2008,1.1653141690351212,-0.7780353906857985,0.0
2009,1.1730202321744438,-0.7650447339641852,0.0
2010,1.1806000073812417,-0.7519717508626377,0.0
2011,1.1880524861421038,-0.7388177252469531,0.0
2012,1.195376674085315,-0.7255839557887885,0.0
2013,1.202571591248342,-0.7122717557958044,0.0
2014,1.2096362723431837,-0.6988824530360075,0.0
2015,1.2165697670194306,-0.6854173895563164,0.0
2016,1.2233711401248921,-0.6718779214953737,0.0
2017,1.2300394719636432,-0.6582654188906362,0.0
2018,1.2365738585513435,-0.6445812654797748,0.0
2019,1.2429734118676803,-0.6308268584964251,0.0
2020,1.249237260105792,-0.6170036084603281,0.0
2021,1.255364547918522,-0.6031129389619109,0.0
2022,1.2613544366613632,-0.5891562864413558,0.0
2023,1.26720610463194,-0.5751350999622153,0.0
2024,1.2729187473058936,-0.5610508409796324,0.0
2025,1.2784915775690193,-0.5469049831032288,0.0
2026,1.2839238259455188,-0.5326990118547315,0.0
2027,1.2892147408222263,-0.5184344244204099,0.0
2028,1.2943635886686675,-0.5041127293983994,0.0
2029,1.299369654252818,-0.4897354465409944,0.0
2030,1.3042322408524194,-0.4753041064919948,0.0
2031,1.3089506704617275,-0.4608202505191965,0.0
2032,1.3135242839935524,-0.4462854302421196,0.0
2033,1.3179524414764672,-0.43170120735507156,0.0
2034,1.3222345222470564,-0.41706915334564837,0.0
2035,1.326369925137077,-0.4023908492087785,0.0
2036,1.3303580686554144,-0.38766788515642,0.0
2037,1.334198391164709,-0.37290186032302436,0.0
2038,1.3378903510525417,-0.35809438246688463,0.0
2039,1.341433426897062,-0.3432470676674882,0.0
2040,1.3448271176269484,-0.3283615400189998,0.0
2041,1.3480709426755957,-0.3134394313200022,0.0
2042,1.3511644421294249,-0.29848238075962635,0.0
2043,1.354107176870214,-0.2834920346002063,0.0
2044,1.3568987287113563,-0.26847004585659534,0.0
2045,1.3595387005279518,-0.25341807397228683,0.0
2046,1.3620267163806412,-0.23833778449248158,0.0
2047,1.3643624216331025,-0.2232308487342498,0.0
2048,1.3665454830631236,-0.20809894345393715,0.0
2049,1.3685755889671791,-0.19294375051196644,0.0
2050,1.370452449258436,-0.1777669565351904,0.0
2051,1.3721757955581226,-0.16257025257695187,0.0
2052,1.3737453812801945,-0.14735533377501067,0.0
2053,1.375160981709241,-0.13212389900749813,0.0
2054,1.376422394071577,-0.11687765054706258,0.0
2055,1.3775294375994693,-0.10161829371337011,0.0
2056,1.3784819535884554,-0.08634753652412708,0.0
2057,1.3792798054477087,-0.07106708934479197,0.0
2058,1.379922878743423,-0.055778664537145625,0.0
2059,1.3804110812351784,-0.04048397610688967,0.0
2060,1.3807443429052668,-0.025184739350444366,0.0
